HALLMARK_TNFA_SIGNALING_VIA_NFKB	BCL6	TNFRSF9	LITAF	OLR1	KYNU	IRS2	NFKB2	EGR2	BIRC2	PDE4B	SERPINB2	FUT4	NFE2L2	SNN	TUBB2A	CSF1	IFNGR2	HES1	CXCL2	SDC4	TNFAIP8	RELA	IL23A	BTG2	VEGFA	TRIB1	IL1A	SLC2A3	FJX1	NR4A1	IL15RA	BMP2	LIF	SLC2A6	IL6	CXCL1	IL6ST	NFKBIA	IL18	GPR183	LAMB3	BIRC3	GCH1	TGIF1	CXCL3	INHBA	PMEPA1	BHLHE40	TAP1	EGR1	PNRC1	STAT5A	SGK1	CD44	BTG3	RNF19B	AREG	CCRL2	G0S2	GFPT2	TANK	FOS	BCL3	NAMPT	IRF1	RCAN1	KLF9	KDM6B	ID2	SMAD3	KLF6	NR4A3	CSF2	ETS2	PER1	CXCR7	PFKFB3	BTG1	EFNA1	CCL20	HBEGF	CYR61	MAFF	IL12B	CCL4	TNIP1	FOSL1	MXD1	PLAU	SERPINE1	PLK2	TNFSF9	GEM	CCL2	PANX1	SLC16A6	MARCKS	CD80	REL	SERPINB8	CXCL6	DRAM1	TIPARP	IL1B	CCND1	ZC3H12A	B4GALT1	LDLR	F3	NR4A2	NFAT5	CEBPB	IFIH1	ICOSLG	ZBTB10	PLAUR	CXCL11	PDLIM5	JAG1	SOD2	KLF10	JUNB	TNFAIP2	RHOB	PLEK	DUSP2	YRDC	PTGER4	SAT1	TNFAIP3	NFIL3	NFKB1	TRAF1	NFKBIE	DDX58	EHD1	SPSB1	ZFP36	PPP1R15A	SPHK1	PTGS2	CFLAR	TNFAIP6	DUSP5	ICAM1	MSC	TSC22D1	CD83	NINJ1	FOSB	ATF3	IER3	MAP2K3	MCL1	CCL5	CEBPD	CCNL1	ABCA1	KLF2	GADD45A	JUN	TRIP10	BCL2A1	CDKN1A	TNF	EGR3	KLF4	DUSP4	GADD45B	DENND5A	PTPRE	CLCF1	SOCS3	PHLDA2	CXCL10	F2RL1	RELB	FOSL2	IFIT2	EIF1	PTX3	IL7R	PHLDA1	MAP3K8	SIK1	EDN1	SQSTM1	TNC	IER2	TNIP2	MYC	IER5	RIPK2	CD69	TLR2	B4GALT5	DNAJB4	ATP2B1	PPAP2B	DUSP1
HALLMARK_HYPOXIA	EDN2	S100A4	MXI1	ZNF292	FOXO3	PGM2	ANKZF1	IRS2	AKAP12	HS3ST1	RBPJ	PHKG1	GPI	BCAN	HK2	PFKL	ALDOC	DTNA	CDKN1C	STC1	SULT2B1	GLRX	CSRP2	NDST1	EXT1	SDC4	INHA	IDS	JMJD6	STC2	NR3C1	VEGFA	SCARB1	ALDOA	HSPA5	SLC2A3	ANGPTL4	GCNT2	DDIT4	CHST2	IL6	TPST2	SLC2A5	CASP6	DCN	GPC1	SELENBP1	RORA	TKTL1	NAGK	GAA	ADM	GYS1	KLHL24	BHLHE40	MYH9	AK4	KIF5A	PCK1	PNRC1	CDKN1B	PAM	ETS1	IGFBP3	SDC2	FOS	PRDX5	HMOX1	CCRN4L	MT2A	PLIN2	SLC6A6	GAPDHS	STBD1	PPFIA4	SLC37A4	KLF6	HDLBP	ISG20	CXCR7	LXN	P4HA2	PFKFB3	BTG1	EFNA1	VHL	CXCR4	PDK1	CHST3	HOXB9	CYR61	MAFF	BGN	LALBA	SERPINE1	CITED2	PDK3	DDIT3	IGFBP1	TMEM45A	PTRF	PRKCA	EGFR	CA12	NCAN	PLAC8	MAP3K1	TIPARP	ADORA2B	LOX	PGK1	PDGFB	EFNA3	ENO1	CAV1	F3	CCNG2	B3GALT6	PLAUR	SAP30	GRHPR	GALK1	NEDD4L	GBE1	ATP7A	PKP1	GPC3	HK1	TPI1	RRAGD	ERO1L	HAS1	TNFAIP3	NFIL3	PKLR	P4HA1	SLC25A1	TGFB3	BCL2	CP	ZFP36	PPP1R15A	XPNPEP1	NDRG1	PPARGC1A	PFKP	NDST2	FBP1	VLDLR	ATF3	KDM3A	IER3	COL5A1	GCK	LARGE	KDELR3	HEXA	JUN	ENO3	BNIP3L	CTGF	ERRFI1	CDKN1A	PGF	WISP2	WSB1	PGM1	PIM1	TGM2	GPC4	SRPX	BRS3	B4GALNT2	ANXA2	SLC2A1	PRKCDBP	SDC3	PPP1R3C	FOSL2	ENO2	LDHC	ILVBL	GAPDH	FAM162A	AMPD3	PGAM2	ALDOB	TES	MIF	SIAH2	TPBG	DPYSL4	LDHA	TPD52	MT1E	PYGM	KLF7	UGP2	TGFBI	DUSP1
HALLMARK_CHOLESTEROL_HOMEOSTASIS	SREBF2	PCYT2	CYP51A1	ANXA5	ATF3	MAL2	FABP5	PDK3	ACAT2	FASN	ANXA13	FDFT1	NSDHL	EBP	FBXO6	LGALS3	ERRFI1	CHKA	CD9	ACTG1	PNRC1	LDLR	CTNNB1	GNAI1	TMEM97	ABCA2	DHCR7	LSS	GUSB	ALDOC	HMGCR	HSD17B7	PLAUR	SCD	ANTXR2	TP53INP1	JAG1	MVD	ADH4	LPL	HMGCS1	PLSCR1	CPEB2	TRIB3	SQLE	GSTM2	SEMA3B	CXCL16	TNFRSF12A	ATF5	PMVK	NFIL3	MVK	CBS	PPARG	STARD4	ALCAM	AVPR1A	ACSS2	TM7SF2	FAM129A	LGMN	STX5	FADS2	GLDC	ECH1	IDI1	GPX8	S100A11	SC5DL	ATXN2	CLU	ETHE1	FDPS
HALLMARK_MITOTIC_SPINDLE	ECT2	ACTN4	KIF3C	EPB41	MYO1E	ARHGEF12	KIF22	CDC42EP4	RALBP1	ARL8A	MID1	NEK2	LATS1	PREX1	NUMA1	ARFIP2	KIF4A	SSH2	TUBGCP5	WASL	MYO9B	ARHGAP29	PRC1	ATG4B	CLIP1	CDK1	RASA2	SORBS2	FLNB	CDK5RAP2	INCENP	NET1	SPTBN1	NOTCH2	BRCA2	CLASP1	ARHGDIA	NCK1	EZR	TOP2A	BCL2L11	KATNB1	BCR	STK38L	SUN2	CEP57	AURKA	DLGAP5	CEP72	SPTAN1	PCNT	KIF11	ROCK1	PKD2	PCGF5	TUBGCP2	ALMS1	MYH9	RASAL2	TRIO	ESPL1	PLEKHG2	NDC80	NEDD9	MARK4	KIF3B	APC	CEP192	NF1	TLK1	ARFGEF1	RACGAP1	CLIP2	ARHGAP5	ALS2	ABI1	RICTOR	BIN1	KNTC1	FARP1	AKAP13	STAU1	MID1IP1	CDC27	DYNC1H1	SMC4	ANLN	MAP1S	RHOT2	DLG1	CDC42EP2	RAPGEF5	WASF1	WASF2	FBXO5	CENPF	TUBGCP6	RHOF	TUBD1	RAPGEF6	MARCKS	FLNA	HOOK3	CDC42	CDC42EP1	RANBP9	TAOK2	ARHGAP27	SMC1A	FGD4	SHROOM2	CKAP5	LMNB1	PLK1	KIF15	EPB41L2	PPP4R2	MAP3K11	OPHN1	LLGL1	CDC42BPA	KLC1	PDLIM5	RASA1	ARHGEF7	BUB1	TPX2	YWHAE	CCDC88A	UXT	AZI1	TUBA4A	TSC1	KIFAP3	ARF6	VCL	KIF5B	SEPT9	SYNPO	PCM1	BCAR1	ABR	PIF1	KIF2C	TTK	CNTROB	GSN	PXN	CCNB2	CAPZB	KIF23	CENPJ	CRIPAK	KIF1B	DST	TUBGCP3	CD2AP	CTTN	KIF20B	RAB3GAP1	ARHGEF3	MAPRE1	NUSAP1	DOCK4	LRPPRC	PAFAH1B1	GEMIN4	SOS1	KATNA1	ARHGAP10	CNTRL	BIRC5	NIN	MYH10	DOCK2	FSCN1	RFC1	PALLD	SAC3D1	ARAP3	CEP250	SASS6	ARHGEF11	RABGAP1	FGD6	SMC3	DYNLL2	TBCD	CENPE	ABL1	TIAM1	ARHGEF2	CSNK1D	HDAC6	ITSN1	ARHGAP4	NCK2	SHROOM1	KPTN	CYTH2
HALLMARK_WNT_BETA_CATENIN_SIGNALING	FZD1	HEY1	AXIN2	WNT6	AXIN1	CSNK1E	NOTCH1	CCND2	RBPJ	NCOR2	WNT1	CTNNB1	GNAI1	LEF1	FZD8	ADAM17	DVL2	JAG1	CUL1	FRAT1	TCF7	PSEN2	MAML1	PPARD	DKK4	NUMB	HDAC2	HDAC11	JAG2	SKP2	HEY2	WNT5B	DKK1	TP53	PTCH1	MYC	NCSTN	KAT2A	NOTCH4	NKD1	DLL1	HDAC5
HALLMARK_TGF_BETA_SIGNALING	TJP1	LEFTY2	ID1	ID3	SMAD7	PMEPA1	FNTA	SMURF2	ENG	HDAC1	NCOR2	SKIL	CDK9	THBS1	SMAD6	CTNNB1	APC	SMAD1	UBE2D3	PPM1A	CDH1	CDKN1C	IFNGR2	NOG	ARID4B	KLF10	JUNB	ID2	RHOA	WWTR1	SMAD3	HIPK2	TRIM33	MAP3K7	BMPR1A	FURIN	BMP2	ACVR1	SPTBN1	TGFBR1	FKBP1A	BMPR2	SKI	SERPINE1	LTBP2	XIAP	PPP1CA	PPP1R15A	SMURF1	SLC20A1	BCAR3	TGIF1	RAB31	TGFB1
HALLMARK_IL6_JAK_STAT3_SIGNALING	CBL	CSF3R	STAT1	LTB	CCL7	IL1R2	BAK1	PF4	PDGFC	HAX1	CSF1	IFNGR2	TNFRSF12A	CSF2RA	OSMR	PTPN2	STAT2	FAS	ITGB3	IL15RA	LEPR	IL6	CXCL1	IL6ST	MYD88	IL7	IL1R1	CXCL3	CNTFR	PTPN1	CXCL13	ACVRL1	IFNAR1	CD9	CD44	HMOX1	IRF1	ACVR1B	SOCS1	CSF2	STAT3	CSF2RB	TNFRSF1B	CCR1	PTPN11	GRB2	TGFB1	IL1B	IL17RB	REG1A	CD14	INHBE	IL17RA	IL18R1	CXCL11	IL2RA	IRF9	TNFRSF21	IL4R	CRLF2	TNFRSF1A	DNTT	IFNGR1	IL13RA1	ITGA4	PLA2G2A	JUN	CD38	IL10RB	TNF	CD36	PIM1	IL2RG	PIK3R5	TYK2	SOCS3	CXCL10	EBI3	IL9R	STAM2	MAP3K8	A2M	IL12RB1	CXCL9	IL3RA	TLR2	LTBR
HALLMARK_DNA_REPAIR	RPA3	RFC4	SF3A3	CSTF3	TAF10	NT5C3	POLD3	ERCC2	MPG	CMPK2	GPX4	PDE4B	SMAD5	GTF2H5	EDF1	POLR2C	XPC	VPS37B	ERCC8	POM121	POLL	ADA	POLR2I	NME3	SUPT5H	POLR2G	GTF2A2	TK2	BCAM	TAF13	ERCC5	GUK1	CANT1	MRPL40	NPR2	POLR2F	TAF1C	SSRP1	DGCR8	RDBP	DDB2	ZWINT	GTF2F1	POLR3GL	PRIM1	ZNRD1	NME1	GTF2B	IMPDH2	POLE4	STX3	EIF2C4	EIF1B	RAD51	CCNO	SRSF6	VPS37D	POLR3C	TSG101	POLD1	RBX1	DCTN4	NUDT9	BRF2	ADCY6	ZNF707	FEN1	AK3	SURF1	DAD1	GMPR2	POLA2	ADRM1	CETN2	COBRA1	HPRT1	POLR2D	LIG1	CLP1	BRP44	POLR2E	SNAPC4	RAD52	ERCC1	AK1	DFNA5	USP11	SDCBP	GTF2H3	RFC3	TCEB3	RALA	POLA1	SEC61A1	ELL	DUT	NUDT21	ITPA	DGUOK	NCBP2	VPS28	POLR2H	PDE6G	POLR1D	BCAP31	REV3L	POLD4	DDB1	TYMS	GTF3C5	TP53	RNMT	RPA2	TARBP2	PNP	POLR1C	UMPS	THOC4	TAF12	SNAPC5	TAF9	POLH	COX17	ERCC4	ARL6IP1	POLR2A	POLB	UPF3B	GTF2H1	NME4	PCNA	POLR2K	BOLA2	RFC5	APRT	TH1L	SAC3D1	SUPT4H1	RAE1	POLR2J	CDA	ERCC3	NT5C	TAF6	AAAS	RRM2B	RFC2	HCLS1	TMED2	NFX1
HALLMARK_G2M_CHECKPOINT	TRAIP	MAD2L1	CTCF	PTTG3P	AURKB	KIF22	STAG1	PTTG1	ODC1	EZH2	NEK2	CDK4	SRSF2	TNPO2	ARID4A	RAD21	HMGN2	NUMA1	HMGA1	SUV39H1	MYBL2	POLQ	KIF4A	SNRPD1	TLE3	TMPO	SMARCC1	MAPK14	PRC1	GINS2	RBM14	SETD8	CUL3	TOP1	CDK1	ORC6	CUL5	EXO1	XPO1	MCM5	YTHDC1	LIG3	INCENP	NOTCH2	ATF5	BRCA2	EWSR1	NASP	SLC38A1	HMGB3	TOP2A	CKS1B	CBX1	AURKA	E2F3	CDC25B	HIF1A	KIF11	UPF1	ZAK	RAD23B	MTF2	CKS2	CASP8AP2	RASAL2	ESPL1	NDC80	CDKN1B	DTYMK	E2F2	E2F1	CHAF1A	BCL3	MT2A	PRMT5	CDC45	CCNA2	KPNB1	BARD1	CENPA	RACGAP1	SMAD3	SLC12A2	DBF4	RBL1	UBE2C	DR1	PLK4	CDC27	SRSF1	CDC7	SMC4	MNAT1	FOXN3	HMMR	FBXO5	CENPF	UCK2	PRIM2	POLA2	PAPD7	H2AFZ	MARCKS	TGFB1	WRN	CDC20	HUS1	ODF2	PDS5B	LBR	DKC1	RAD54L	SS18	SMC1A	PURA	CCND1	SLC7A1	LMNB1	PLK1	NCL	KIF15	STIL	DDX39A	MCM6	UBE2S	TFDP1	SAP30	H2AFV	HSPA8	TACC3	CUL1	HNRNPU	BUB1	TPX2	POLE	CDKN2C	NUP50	KPNA2	MCM2	HOXC10	ATRX	MEIS1	TRA2B	BUB3	PRPF4B	CHEK1	GSPT1	NUP98	CCNF	SYNCRIP	RPA2	ORC5	KIF5B	HN1	CDC6	DMD	HIST1H2BK	RPS6KA5	CASC5	KIF2C	TTK	E2F4	CCNB2	KIF23	KIF20B	PML	MEIS2	H2AFX	SFPQ	ILF3	TROAP	CDC25A	NUSAP1	PAFAH1B1	EFNA5	SMC2	KATNA1	BIRC5	MKI67	SLC7A5	FANCC	EGF	SQLE	HNRNPD	NOLC1	CENPE	HIRA	PBK	ABL1	CDKN3	CUL4A	STMN1	SRSF10	CCNT1	MYC	AMD1	MCM3	CHMP1A	G3BP1	WHSC1
HALLMARK_APOPTOSIS	DIABLO	CDK2	H1F0	TGFB2	MMP2	DFFA	RARA	CASP7	GPX4	CCNA1	LEF1	PLCB2	PDGFRB	ADD1	F2R	MGMT	VDAC2	BMF	ANKH	APP	PSEN2	CASP9	LPPR4	RELA	CASP1	BTG2	TNFRSF12A	IL1A	FAS	BMP2	IL6	CASP6	TOP2A	GSR	BCL2L11	DCN	IL18	BIRC3	GCH1	SATB1	SPTAN1	CDC25B	BAX	PEA15	CASP2	TSPO	ROCK1	IFITM3	SMAD7	PTK2	TAP1	FDXR	PAK1	PDCD4	NEDD9	CDKN1B	CD44	CREBBP	CTNNB1	BTG3	CASP4	HMOX1	IRF1	DAP	GPX1	ISG20	HSPB1	TGFBR3	PPP3R1	CD2	IGFBP6	ERBB3	BGN	TIMP2	MADD	XIAP	RHOT2	DDIT3	EREG	CLU	DAP3	SOD1	BRCA1	KRT18	NEFH	PPT1	LUM	LGALS3	IL1B	CCND1	CYLD	CCND2	CD14	CAV1	PLAT	ERBB2	CASP3	TIMP1	TNFSF10	RNASEL	BID	FASLG	SOD2	EMP1	HMGB2	CTH	AIFM3	RHOB	IFNB1	PRF1	BCAP31	SAT1	ETF1	PMAIP1	AVPR1A	IGF2R	BCL2L2	LMNA	CFLAR	SLC20A1	IFNGR1	BIK	DNAJC3	PSEN1	ATF3	RETSAT	GSN	IER3	GSTM1	MCL1	DNM1L	JUN	HGF	CD38	EBP	GADD45A	DNAJA1	BNIP3L	TIMP3	CDKN1A	TNF	EGR3	FEZ1	BCL2L1	BCL10	F2	GADD45B	PPP2R5B	GNA15	ENO2	ANXA1	DPYD	BCL2L10	TXNIP	SQSTM1	GPX3	CASP8	CD69	WEE1	GUCY2D	SC5DL
HALLMARK_NOTCH_SIGNALING	FZD1	SKP1	FBXW11	WNT5A	DTX4	FZD7	APH1A	NOTCH1	CCND1	PSENEN	NOTCH3	DTX1	SAP30	JAG1	CUL1	ARRB1	HES1	FZD5	HEYL	TCF7L2	PSEN2	PPARD	ST3GAL6	LFNG	WNT2	RBX1	NOTCH2	MAML2	DTX2	KAT2A	DLL1	PRKCA
HALLMARK_ADIPOGENESIS	BCL6	ATP5O	CRAT	DNAJB9	DDT	UCK1	GPX4	DGAT1	ADIG	MCCC1	PFKL	PEX14	NMT1	SNCG	UQCRC1	ARAF	OBFC2A	GPHN	REEP6	FABP4	PTCD3	AIFM1	ARL4A	ALDH2	REEP5	SULT1A1	RNF11	AK2	PRDX3	SCARB1	APLP2	ALDOA	TKT	BAZ2A	RETN	ANGPTL4	SDPR	MDH2	AGPAT3	COQ5	UBC	APOE	MRAP	ETFB	JAGN1	SLC25A10	GRPEL1	NKIRAS1	GPAM	CMPK1	COL4A1	SLC27A1	SCP2	PDCD4	STAT5A	DLD	PEMT	SAMM50	DHCR7	DLAT	DBT	ACOX1	PPP1R15B	TANK	ADIPOQ	VEGFB	BCL2L13	MAP4K3	PLIN2	PTGER3	ELMOD3	LPL	ATL2	MTCH2	DNAJC15	LPCAT3	LTC4S	CS	SDHC	BCKDHA	PPM1B	PFKFB3	ABCB8	IDH3G	POR	IDH3A	RTN3	PPARG	ADCY6	DECR1	GHITM	SLC1A5	COX8A	MGST3	IMMT	ACLY	YWHAG	QDPR	PTRF	SOD1	ACADS	LAMA4	SSPN	PQLC3	ACADL	ESYT1	PIM3	IDH1	CD302	DRAM2	SORBS1	ACADM	HIBCH	UCP2	SDHB	MYLK	EPHX2	CCNG2	UQCR11	SLC19A1	RAB34	COQ9	ELOVL6	CDKN2C	UQCR10	GBE1	MOSC2	C3	MGLL	RIOK3	ESRRA	ATP1B3	ORM1	LIFR	CHUK	HSPB8	CD151	TST	COL15A1	ENPP2	SLC25A1	ME1	CIDEA	CYC1	UBQLN1	ADIPOR2	ECH1	FZD4	FAM82A2	SPARCL1	IFNGR1	CYP4B1	OMD	G3BP2	RETSAT	ACO2	COX6A1	COX7B	MRPL15	FAH	ANGPT1	ABCA1	ITIH5	GADD45A	PHLDB1	PHYH	AGPAT6	CD36	PREB	PGM1	TALDO1	ECHS1	SUCLG1	HADH	ITGA7	CHCHD10	SQRDL	LEP	ANKRD57	ACAA2	TOB1	NDUFS3	STOM	GPX3	LIPE	GPD2	UQCRQ	COQ3	ITSN1	CAT	RREB1	DHRS7	NDUFAB1	NDUFA5	CPT2	SLC5A6	CMBL	FAM73B	NDUFB7	DHRS7B
HALLMARK_ESTROGEN_RESPONSE_EARLY	PODXL	ENDOD1	FKBP4	ABLIM1	ANXA9	THSD4	RPS6KA2	NCOR2	MYBL1	JAK2	RARA	FAM102A	SVIL	MED24	WWC1	SYNGR1	FRK	SULT2B1	ADCY1	RAPGEFL1	HES1	BLVRB	ADD3	TJP3	ABHD2	STC2	CXCL12	FLNB	CISH	SCARB1	AQP3	PLA2G16	TGIF2	NADSYN1	NPY1R	CANT1	SCNN1A	IL6ST	FHL2	KAZN	SLC9A3R1	PPIF	PEX11A	TFF1	SLC39A6	TBC1D30	PDZK1	TSKU	FASN	IGFBP4	BHLHE40	CLDN7	BAG1	MICB	FAIM3	CD44	AR	ABAT	MAPT	CHPT1	DHCR7	AREG	NRIP1	SLC7A2	CBFA2T3	SLC22A5	FOS	RHOD	SLC37A1	ALDH3B1	RAB17	ISG20L2	FARP1	PAPSS2	TTC39A	CALB2	MYB	MSMB	ZNF185	SLC19A2	RHOBTB3	SLC24A3	RRP12	REEP1	TUBB2B	FOXC1	RET	RAB31	PGR	CYP26B1	CA12	ARL3	TIPARP	GJA1	KRT18	SLC26A2	GLA	IL17RB	CCND1	B4GALT1	MAST4	CELSR2	NXT1	MYBBP1A	MED13L	KRT13	MREG	P2RY2	KLF10	AFF1	PTGES	ELOVL2	MUC1	SEC14L2	SH3BP5	OVOL2	ABCA3	MLPH	SLC1A4	WFS1	PRSS23	OPN3	TFAP2C	SEMA3B	OLFML3	IGF1R	PMAIP1	HSPB8	SOX3	FAM134B	XBP1	CLIC3	FAM63A	INHBB	BCL2	RBBP8	MPPED2	INPP5F	ASB13	TMEM164	NAV2	MYOF	CALCR	ELOVL5	ADCY9	TMPRSS3	FDFT1	SFN	DHRS2	ESRP2	KRT8	EGR3	WISP2	KLF4	KRT19	LRIG1	GREB1	CELSR1	SYBU	TGM2	GAB2	AMFR	SLC27A2	UGCG	PDLIM3	AKAP1	DLC1	DYNLT3	SLC2A1	SYT12	KCNK15	SLC7A5	SLC16A1	LAD1	KDM4B	DEPTOR	TOB1	SLC1A1	NBL1	OLFM1	BCL11B	TIAM1	HR	TPBG	ELF1	FKBP5	SIAH2	UNC119	KRT15	MYC	ELF3	RASGRP1	SNX24	DHRS3	KCNK5	TFF3	KLK10	GFRA1	TPD52L1	ITPK1
HALLMARK_ESTROGEN_RESPONSE_LATE	DNAJC1	IGSF1	HSPA4L	FKBP4	ANXA9	CHST8	MOCS2	RPS6KA2	NCOR2	METTL3	SCUBE2	JAK2	LAMC2	NMU	FAM102A	CCNA1	ST14	SNX10	FRK	SULT2B1	RAPGEFL1	BLVRB	ADD3	ASS1	GINS2	TJP3	ABHD2	CXCL12	FLNB	CISH	TRIM29	SCARB1	PLA2G16	MAPK13	NPY1R	SCNN1A	RNASEH2A	IL6ST	TOP2A	FGFR3	MEST	ETFB	SLC9A3R1	PPIF	TFF1	SLC2A8	CXCL14	PDZK1	DNAJC12	LSR	CKB	IGFBP4	BAG1	PDCD4	TSPAN13	CD9	MICB	SGK1	CD44	DHCR7	BTG3	PERP	MAPT	AREG	CHPT1	NRIP1	CACNA2D2	GALE	SLC22A5	PCP4	KLK11	IMPA2	TPSAB1	FOS	PRLR	ACOX2	PTGER3	ID2	ALDH3B1	KIF20A	CA2	ISG20	HMGCS2	FARP1	PAPSS2	S100A9	UNC13B	PLK4	GPER	MYB	SLC24A3	SORD	FOXC1	RET	RAB31	PGR	CYP26B1	CDC20	ARL3	DCXR	CA12	EMP2	SERPINA1	GJB3	HPRT1	FABP5	ST6GALNAC2	SLC26A2	GLA	IL17RB	CCND1	CAV1	STIL	CELSR2	NXT1	SLC29A1	TSTA3	KRT13	TNNC1	SERPINA5	TH	LLGL2	AFF1	PTGES	SLC1A4	OVOL2	ABCA3	TFPI2	PRSS23	WFS1	DUSP2	OPN3	TFAP2C	SEMA3B	MDK	HSPB8	PKP3	TST	SOX3	XBP1	CLIC3	PTPN6	ALDH3A2	LTF	CDC6	ATP2B4	BCL2	ZFP36	RABEP1	RBBP8	CPE	HOMER2	MYOF	AGR2	CALCR	ELOVL5	TMPRSS3	BATF	LARGE	FDFT1	SFN	PLXNB1	DHRS2	COX6C	EGR3	PLAC1	KLF4	KRT19	WISP2	CDH1	AMFR	SLC27A2	CYP4F11	DLG5	PDLIM3	PRKAR2B	UGDH	DYNLT3	SLC7A5	SLC16A1	ASCL1	TOB1	XRCC3	NBL1	OLFM1	IDH2	TIAM1	HR	TPBG	SERPINA3	FKBP5	SIAH2	NAB2	GAL	KCNK5	TFF3	JAK1	KLK10	TPD52L1	ITPK1
HALLMARK_ANDROGEN_RESPONSE	H1F0	DNAJB9	AKAP12	ALDH1A3	CAMKK2	ZMIZ1	GPD1L	SPDEF	GUCY1A3	TNFAIP8	ANKH	ABHD2	LMAN1	FADS1	ACSL3	IQGAP2	PIAS1	ARID5B	GSR	ABCC4	ELL2	RAB4A	ITGAV	DHCR24	PMEPA1	MAP7	APPBP2	STK39	MERTK	SGK1	DBI	SRP19	UBE2J1	HMGCR	HPGD	MYL12A	CDC14B	B2M	SLC38A2	ELK4	AZGP1	XRCC5	TMEM50A	AKT1	RRP12	INSIG1	SEC24D	SORD	IDI1	ADAMTS1	ADRM1	UBE2I	SLC26A2	BMPR1B	CCND1	VAPA	B4GALT1	SMS	TARP	ZBTB10	PPAP2A	PDLIM5	HSD17B14	MAF	SRF	TMPRSS2	CENPN	PTPN21	PTK2B	KLK2	LIFR	SAT1	NCOA4	UAP1	SEPP1	NDRG1	HOMER2	KLK3	PA2G4	ELOVL5	TSC22D1	NKX3-1	CCND3	STEAP4	RPS6KA3	INPP4B	KRT8	KRT19	SCD	HMGCS1	GNAI3	HERC3	ACTN1	XRCC6	NGLY1	FKBP5	MAK	TPD52	SPCS3	CDK6	PGM3
HALLMARK_MYOGENESIS	MYL4	RB1	DAPK2	PICK1	CRAT	KCNH2	ABLIM1	COX6A2	NOTCH1	COL6A2	CNN3	EIF4A2	MAPK12	IFRD1	MYOM1	MAPRE3	FOXO4	SVIL	MYL6B	APLNR	CKMT2	DTNA	SPDEF	SGCD	DES	LDB3	WWTR1	APP	PSEN2	CASQ2	STC2	BDKRB2	PFKM	COL3A1	FXYD1	SLN	CACNG1	MYF6	ACHE	LSP1	ACTN3	PDLIM7	MYL2	NQO1	AKT2	CRYAB	TNNT2	CHRNG	GAA	ACTA1	COL4A2	SPTAN1	OCEL1	COL1A1	HSPB2	CKB	LPIN1	BHLHE40	MYH9	SMTN	AEBP1	COL6A3	BAG1	IGFBP3	FGF2	FLII	IGF1	NOS1	ITGB5	MYL7	PTGIS	KIFC3	IGFBP7	RYR1	AGL	CSRP3	ANKRD2	PPFIA4	MB	CTF1	GABARAPL2	EPHB3	MEF2A	BIN1	MYO1C	KCNH1	HBEGF	CAMK2B	ERBB3	ITGB4	RIT1	ACTN2	MRAS	REEP1	SCHIP1	MYH3	GJA5	CLU	MYH2	SIRT2	FDPS	TGFB1	MYH1	SSPN	PVALB	SOD3	TNNC2	FKBP1B	SORBS1	CHRNB1	MYLK	CAV3	MYBPH	ST5	AK1	HRC	ACSL1	VIPR1	MYOM2	SYNGR2	TNNT1	TNNC1	ADAM12	SH3BGR	COX7A1	CACNA1H	NCAM1	PLXNB2	FABP3	LAMA2	HSPB8	FST	SPARC	SGCA	EFS	COL15A1	MYL1	DMD	MYH11	MEF2C	MYBPC3	SPHK1	MYOG	TAGLN	HDAC5	NAV2	SORBS3	FHL1	DMPK	ADCY9	TCAP	GSN	MYH4	LARGE	PTP4A3	GNAO1	ENO3	MYH7	APOD	KLF5	MYH8	SPEG	TSC2	CDKN1A	CDH13	CD36	SGCG	PDE4DIP	MYLPF	TNNI2	ATP6AP1	ITGA7	SH2B1	TPM2	TEAD4	SLC6A8	TNNI1	SCD	GADD45B	CFD	PRNP	CHRNA1	PPP1R3C	PKIA	ITGB1	MYL3	PGAM2	TNNT3	MEF2D	CASQ1	GPX3	CKM	ATP2A1	MYOZ1	ACTC1	PYGM	AGRN	PC	TPD52L1	TPM3
HALLMARK_PROTEIN_SECRETION	GNAS	SEC31A	CLN5	COPB1	ANP32E	STAM	ATP1A1	MAPK1	STX7	ADAM10	YIPF6	SCRN1	AP3S1	RAB9A	COG2	LMAN1	STX16	MON2	STX12	BNIP3	ARCN1	AP2S1	VPS45	COPE	PAM	TSPAN8	SH3GL2	CLCN3	AP3B1	VAMP4	ARFGEF1	ARF1	CLTC	CD63	SCAMP1	SNX2	VAMP3	RAB14	TSG101	VPS4B	AP2B1	SEC24D	SEC22B	OCRL	ATP6V1H	SGMS1	EGFR	SOD1	GBF1	SSPN	KRT18	GLA	PPT1	GOLGA4	BET1	TMX1	TOM1L1	ICA1	GOSR2	ATP7A	NAPG	ARFIP1	NAPA	AP2M1	USO1	IGF2R	ZW10	ARFGAP3	COPB2	RAB5A	DNM1L	SCAMP3	RPS6KA3	KIF1B	DST	ABCA1	GALC	ERGIC3	DOPEY1	CAV2	VAMP7	CTSC	RAB2A	LAMP2	ARFGEF2	YKT6	TMED10	ATP6V1B1	M6PR	SNAP23	CLTA	TPD52	RER1	AP1G1	TMED2	RAB22A
HALLMARK_INTERFERON_ALPHA_RESPONSE	PARP12	LY6E	SELL	CMPK2	IRF7	CSF1	LPAR6	PLSCR1	UBA7	FTSJD2	LAP3	CASP1	LAMP3	OGFR	STAT2	MX1	RSAD2	TRIM21	USP18	CD47	OASL	GBP4	HERC6	MOV10	IFI44	IL7	SAMD9L	PARP14	BATF2	IFITM3	PRIC285	TRIM25	TAP1	PSMB9	IRF2	TRIM14	DHX58	IRF1	CD74	PNPT1	TRIM5	B2M	IFITM2	TRAFD1	ISG20	C1S	IFIT3	RTP4	PARP9	IL15	NUB1	RNF31	GMPR	DDX60	IFIH1	FAM125A	CXCL11	BST2	TDRD7	PROCR	SAMD9	IFITM1	TMEM140	ADAR	IRF9	UBE2L6	IL4R	OAS1	EPSTI1	LGALS3BP	PSME2	HLA-C	GBP2	IFI30	EIF2AK2	PSMA3	PSMB8	WARS	SLC25A28	CXCL10	IFI35	CNP	IFIT2	IFI44L	PSME1	TRIM26	TXNIP	SP110	ELF1	RIPK2	NMI	FAM46A	CASP8	IFI27	CCRL2	NCOA7	ISG15
HALLMARK_INTERFERON_GAMMA_RESPONSE	PARP12	LY6E	OAS2	CD86	XAF1	IRF4	STAT1	JAK2	CMPK2	CASP7	PDE4B	PSMB10	CCL7	IRF7	IL18BP	VCAM1	BANK1	FGL2	RBCK1	SRI	PLSCR1	CMKLR1	ZNFX1	PSMA2	GBP6	FTSJD2	APOL6	ARL4A	SPPL2A	IFIT1	LAP3	SAMHD1	CASP1	OGFR	PTPN2	FAS	STAT2	IL15RA	RSAD2	TRIM21	MX1	IL6	ARID5B	HLA-G	LATS2	USP18	OASL	GBP4	HERC6	STAT4	MYD88	NFKBIA	METTL7B	IL7	IFI44	EIF4E3	GCH1	SAMD9L	MARCH1	HIF1A	PTPN1	NLRC5	LCP2	PARP14	CD40	P2RY14	BATF2	IFITM3	PRIC285	TRIM25	TAP1	PSMB9	HLA-DMA	IL10RA	IRF2	TRIM14	FCGR1A	DHX58	CASP4	NAMPT	IRF1	CD74	MT2A	PNPT1	ISOC1	B2M	IFITM2	PELI1	XCL1	TRAFD1	BPGM	SOCS1	AUTS2	ISG20	STAT3	BTG1	RIPK1	CSF2RB	CFB	GZMA	C1S	IFIT3	ZBP1	C1R	RTP4	SECTM1	HLA-DRB1	CFH	IL15	RNF31	CCL2	GPR18	MX2	RAPGEF6	DDX60	SSPN	TAPBP	PLA2G4A	TOR1B	CASP3	IFIH1	TNFSF10	CXCL11	BST2	HLA-DQA1	PSMB2	TDRD7	SOD2	TNFAIP2	IRF5	ADAR	IL2RB	VAMP8	IRF9	UBE2L6	TNFAIP3	ST3GAL5	IL4R	VAMP5	EPSTI1	LYSMD2	NFKB1	RNF213	PTPN6	DDX58	ST8SIA4	LGALS3BP	PNP	PTGS2	PSME2	TNFAIP6	UPP1	ICAM1	PFKP	KLRK1	SERPING1	IFI30	EIF2AK2	PSMA3	CD274	ITGB7	IDO1	NCOA3	CCL5	CD38	PSMB8	SLAMF7	NOD1	HLA-B	PML	CDKN1A	PIM1	IRF8	SELP	WARS	OAS3	NUP93	SLC25A28	HLA-A	CIITA	SOCS3	MVP	IFNAR2	CXCL10	FPR1	IFI35	IFIT2	IFI44L	PSME1	MTHFD2	TXNIP	TRIM26	SP110	CXCL9	RIPK2	NMI	CASP8	CD69	IFI27	ISG15
HALLMARK_APICAL_JUNCTION	ACTN4	DSC3	PVRL4	CRAT	CLDN6	ITGA9	KCNH2	CD86	RSU1	TNFRSF11B	CD276	MMP2	NFASC	LAMC2	PLCG1	GNAI2	BAIAP2	GNAI1	CDH11	LAMA3	GRB7	ICAM4	SKAP2	VCAM1	CLDN8	MPZL2	IKBKG	ICAM5	PVRL2	WASL	PCDH1	RRAS	CDH8	MAPK14	TRO	WNK4	CLDN18	CLDN5	CD209	DHX16	ADAMTS5	IRS1	FBN1	MAPK13	DMP1	INPPL1	ACTN3	ARPC2	SYK	VWF	MAP4K2	LAMB3	KRT31	COL16A1	AKT2	CAP1	ACTA1	ADAM23	ARHGEF6	TMEM8B	STX4	ZAK	PTK2	MYH9	ADAM9	CLDN7	PARD6G	CX3CL1	CNTN1	GTF2F1	MYL12B	COL17A1	MPP5	JUP	NEGR1	NF1	CD34	ACTG2	PECAM1	ITGA3	ATP1A3	CADM3	YWHAH	SYMPK	AMIGO2	NLGN3	CDH15	CLDN19	AKT3	SGCE	FYB	ITGB4	CALB2	ACTN2	CDH4	NRAP	MSN	CERCAM	DLG1	PVRL3	ICAM2	INSIG1	CLDN9	CD99	RHOF	THBS3	EGFR	CLDN14	ITGA2	PIK3CB	CDH6	FLNC	PFN1	CLDN4	TAOK2	SHROOM2	LDLRAP1	JAM3	ACTG1	B4GALT1	CDK8	BMP1	COL9A1	TUBG1	EPB41L2	MAPK11	ZYX	ADRA1B	RASA1	ACTB	PVRL1	HRAS	VCAN	PTPRC	PARVA	PDZD3	SLIT2	TSPAN4	PIK3R3	CTNNA1	PKD1	TSC1	MDK	CNN2	EXOC4	LAYN	VCL	TRAF1	AMIGO1	NLGN2	NF2	MADCAM1	ICAM1	VAV2	TJP1	SORBS3	MMP9	SHC1	PPP2R2C	ITGA10	CD274	MPZL1	PTEN	TIAL1	GAMT	SPEG	SIRPA	RAC2	HADH	CDH3	CDH1	VASP	CTNND1	CADM2	MVD	CDSN	NRTN	MYH10	MYL9	FSCN1	PBX2	SDC3	ITGB1	CLDN15	CLDN11	LIMA1	SLC30A3	EVL	ACTN1	SRC	ALOX15B	DSC1	AMH	NEXN	ACTC1	ADAM15	THY1	CRB3	NRXN2	TGFBI
HALLMARK_APICAL_SURFACE	RTN4RL1	ATP6V0A4	LYPD3	BRCA1	GATA3	TMEM8B	AFAP1L2	CROCC	SHROOM2	EPHB4	CX3CL1	B4GALT1	IL2RG	EFNA5	SRPX	PLAUR	ADAM10	ATP8B1	LYN	GHRL	AIM1	GSTM3	AKAP7	CD160	APP	NTNG1	PKHD1	SULF2	DCBLD2	HSPB1	IL2RB	SLC2A4	SLC34A3	GAS1	NCOA6	SLC22A12	FLOT2	SCUBE1	MAL	MDGA1	THY1	ADIPOR2	PCSK9	RHCG
HALLMARK_HEDGEHOG_SIGNALING	UNC5C	CNTFR	VLDLR	HEY1	GPR56	MYH9	SHH	NKX6-1	PML	RTN1	CELSR1	OPHN1	DPYSL2	GLI1	CRMP1	NRCAM	RASA1	NF1	TLE3	NRP1	TLE1	L1CAM	AMOT	ETS2	SCG2	VEGFA	SLIT1	HEY2	PLG	CDK5R1	NRP2	LDB1	PTCH1	ACHE	THY1	CDK6
HALLMARK_COMPLEMENT	SERPINC1	KCNIP3	OLR1	KYNU	F10	CR2	SH2B3	CPM	ZEB1	JAK2	GNGT2	CTSO	CASP7	GNAI2	SERPINB2	USP15	PIK3CG	ADRA2B	C1QA	GMFB	FDX1	ZFPM2	IRF7	RAF1	CR1	CALM3	PLSCR1	CASP9	MMP13	MMP8	LAP3	CASP1	F7	SCG3	HSPA5	PLG	IL6	DPP4	C4BPB	DGKG	CXCL1	ERAP2	MMP14	PCSK9	CBLB	APOC1	USP16	COL4A2	CASP10	GZMB	CD55	PPP2CB	LCP2	DGKH	STX4	FCN1	VCPIP1	SEPX1	PSMB9	ADAM9	S100A12	MMP12	PLA2G7	IRF2	WAS	CD46	CASP4	IRF1	CD40LG	LYN	LCK	PREP	PRCP	RNF4	CTSH	CA2	GNB4	S100A9	HSPA1A	ITGAM	MAFF	APOBEC3F	CFB	GZMA	ATOX1	C1S	ACTN2	DYRK2	DUSP6	C1R	ITIH1	CD59	TIMP2	SERPINE1	LIPA	CFH	RABIF	GZMK	GRB2	KLK1	CLU	DOCK10	TMPRSS6	SERPINA1	PHEX	PFN1	PCLO	PDGFB	CTSS	LGALS3	PLA2G4A	PRKCD	F3	C1QC	CEBPB	PLAT	CASP3	TIMP1	PLAUR	ANG	GP1BA	L3MBTL4	F5	SIRT6	FN1	C3	TFPI2	PLEK	GNG2	LRP1	TNFAIP3	SPOCK2	PGCP	F8	FYN	CDK5R1	C9	PPP4C	ME1	PRDM4	LTF	CP	EHD1	XPNPEP1	APOBEC3G	DUSP5	RCE1	SERPING1	MMP15	ZFYVE20	ANXA5	PSEN1	GATA3	CALM1	BRPF3	CCL5	KCNIP2	APOA4	HPCAL4	MT3	CASP5	CTSD	USP8	CD36	CDH13	PIM1	GCA	PIK3R5	PRSS3	DOCK4	F2	CTSC	AKAP10	PRSS36	RHOG	HNF4A	CSRP1	GNB2	KLKB1	CTSL2	GNAI3	USP14	LAMP2	S100A13	CTSL1	FCER1G	C2	CDA	LTA4H	SRC	DOCK9	GPD2	CTSB	RASGRP1	LGMN	KIF2A	PIK3CA	PDP1	NOTCH4	GP9
HALLMARK_UNFOLDED_PROTEIN_RESPONSE	EXOSC2	DCTN1	SEC31A	DNAJB9	NPM1	RPS14	EIF4A2	FKBP14	EIF4E	NOP14	EXOSC5	EIF4A1	CNOT4	TUBB2A	ERN1	CALR	DCP1A	OBFC2A	SLC30A5	HSPA9	ASNS	STC2	IFIT1	LSM4	VEGFA	HSPA5	KHSRP	DDIT4	ATP6V0D1	CXXC1	RRP9	EXOSC1	CEBPG	EXOSC4	CKS1B	EXOC2	EXOSC9	ARFGAP1	SDAD1	EIF2AK3	DNAJA4	LSM1	ATF6	IMP3	HERPUD1	SRPR	ALDH18A1	NHP2	DCP2	TARS	CCL2	PDIA5	IGFBP1	SRPRB	NOP56	ZBTB17	SPCS1	IARS	SEC11A	DKC1	EXOSC10	BANF1	EIF4A3	YIF1A	CEBPB	CNOT2	EIF2S1	TTC37	GOSR2	PSAT1	CHAC1	SLC1A4	EDEM1	CNOT6	WFS1	BAG3	POP4	SSR1	ERO1L	XBP1	KIF5B	TATDN2	EIF4EBP1	SERP1	SHC1	DNAJC3	ATF3	KDELR3	EIF4G1	NFYB	FUS	H2AFX	ATF4	PREB	EEF2	PARN	GEMIN4	HSP90B1	XPOT	SKIV2L2	SLC7A5	HYOU1	NFYA	MTHFD2	NOLC1	EDC4	DDX10	TSPYL2	YWHAZ	SPCS3	PDIA6	WIPI1	PAIP1
HALLMARK_PI3K_AKT_MTOR_SIGNALING	MAP2K6	CDK2	SMAD2	FGF17	ACACA	PLCB1	TBK1	PLCG1	CDK4	EIF4E	MAPK1	AKT1S1	CALR	RAF1	PRKCB	PIKFYVE	PRKAG1	CDK1	ACTR3	PPP2R1B	MAPKAP1	NGF	STAT2	ECSIT	PAK4	ACTR2	ARHGDIA	NCK1	MKNK1	MYD88	DAPP1	MAPK9	RAC1	PLA2G12A	PRKAA2	CDKN1B	RPTOR	E2F1	TRAF2	PIN1	LCK	ARF1	CSNK2B	CLTC	FGF6	TRIB3	CXCR4	FGF22	RIPK1	PDK1	AKT1	RIT1	IL4	GSK3B	IRAK4	PTPN11	GRB2	THEM4	CFL1	DDIT3	EGFR	PFN1	YWHAB	FASLG	HRAS	GNGT1	ITPR2	MAP3K7	PIK3R3	UBE2N	ADRBK1	AP2M1	MAPK10	TNFRSF1A	ADCY2	ATF1	SLA	DUSP3	MAP2K3	RPS6KA3	SFN	GNA14	NFKBIB	NOD1	PRKAR2A	PTEN	TSC2	CDKN1A	IL2RG	VAV3	MAPK8	RALB	CAB39L	UBE2D3	HSP90B1	SLC2A1	PITX2	MKNK2	CAMK4	ARPC3	TIAM1	SQSTM1	RPS6KA1	PPP1CA	CAB39
HALLMARK_MTORC1_SIGNALING	CYP51A1	UFM1	SLC7A11	CCT6A	PSMA4	HSPA4	MCM4	CCNG1	STIP1	ACACA	IFRD1	GPI	TBK1	HK2	CFP	PFKL	EGLN3	ITGB2	NMT1	SKAP2	EEF1E1	POLR3G	STC1	PLOD2	IGFBP5	GLRX	FGL2	CALR	ADD3	COPS5	HSPA9	ATP5G1	ASNS	ACTR3	BTG2	FADS1	ALDOA	HSPA5	ACSL3	SLC2A3	DDIT4	ACTR2	PDAP1	RRP9	NUPR1	GSR	PSME3	PSMD13	SLC9A3R1	DAPP1	AURKA	TFRC	PITPNB	DHCR24	BHLHE40	FDXR	AK4	PHGDH	EIF2S2	CD9	DHCR7	GCLC	CACYBP	SDF2L1	HMGCR	PSMG1	NAMPT	BCAT1	UNG	NFYC	SLC6A6	PSPH	SLC37A4	EPRS	RRM2	TRIB3	TOMM40	CXCR4	PDK1	NUP205	RPA1	G6PD	RPN1	RIT1	STARD4	PSMD12	SLC1A5	GSK3B	PNO1	IMMT	UCHL5	INSIG1	SORD	DDIT3	IDI1	QDPR	ABCF2	HPRT1	IDH1	SEC11A	SERPINH1	GLA	GOT1	PGK1	PSMC2	ENO1	PLK1	LDLR	PSMB5	TUBG1	DDX39A	HSPD1	SYTL2	PPIA	PSMC6	PSMC4	BUB1	ELOVL6	PSAT1	CTH	GBE1	SLC1A4	EDEM1	MCM2	TUBA4A	TPI1	PIK3R3	SSR1	ATP6V1D	ERO1L	RAB1A	ETF1	NFIL3	CYB5B	CORO1A	P4HA1	MTHFD2L	XBP1	CCNF	TM7SF2	ME1	FAM129A	USO1	FADS2	PNP	GGA2	ADIPOR2	PPP1R15A	SERP1	HSPE1	ELOVL5	SLA	VLDLR	IFI30	CANX	PSMA3	MAP2K3	SRD5A1	EBP	NFKBIB	PRDX1	NUFIP1	CDKN1A	PGM1	GTF2H1	CDC25A	TMEM97	FKBP2	UBE2D3	WARS	ATP2A2	SCD	CTSC	HSP90B1	SLC2A1	HMGCS1	MLLT11	TXNRD1	SLC7A5	DHFR	SQLE	RDH11	GAPDH	ARPC5L	YKT6	MTHFD2	HMBS	LTA4H	TES	M6PR	SQSTM1	GMPS	LDHA	LGMN	PPA1	PSMD14	TCEA1	SC5DL	SHMT2	ACLY
HALLMARK_E2F_TARGETS	MELK	HELLS	RPA3	MAD2L1	CTCF	AURKB	KIF22	STAG1	MCM4	DIAPH3	CDKN2A	POLD3	DSCC1	PTTG1	CDCA8	EZH2	PPM1D	CSE1L	CDK4	ANP32E	SRSF2	DEPDC1	RAD21	NUP107	HMGA1	SUV39H1	MYBL2	KIF4A	E2F8	TMPO	SLBP	CDK1	CIT	ORC6	CHEK2	XPO1	EXOSC8	MCM5	AK2	PMS2	MMS22L	BRCA2	NASP	RNASEH2A	HMGB3	TOP2A	CBX5	CKS1B	SSRP1	IPO7	DCLRE1B	AURKA	TFRC	DLGAP5	BUB1B	ING3	CDC25B	TBRG4	TIPIN	CKS2	ESPL1	CDKN1B	DCTPP1	NME1	ASF1A	TIMELESS	USP1	POLE4	ATAD2	SMC6	UNG	DONSON	PHF5A	BARD1	RACGAP1	NAP1L1	RRM2	KIF18B	ASF1B	LYAR	PSIP1	RANBP1	RQCD1	POLD1	NUP205	PSMC3IP	POP7	GINS1	PLK4	RPA1	SRSF1	SPAG5	SMC4	SPC24	HMMR	PRIM2	POLA2	H2AFZ	UBR7	CDCA3	CDC20	HUS1	RAN	BRCA1	NOP56	MLH1	PDS5B	SHMT1	LIG1	LBR	TCF19	WDR90	DNMT1	SMC1A	LMNB1	PNN	PLK1	GINS4	TUBG1	DDX39A	MCM6	UBE2S	NAA38	EIF2S1	RFC3	TACC3	HMGB2	POLE	CDKN2C	NUDT21	RAD51C	DUT	KPNA2	RBBP7	MCM2	CTPS	MRE11A	ORC2	TRA2B	PRKDC	BRMS1L	CHEK1	PAN2	GSPT1	NUP153	RAD50	TP53	SYNCRIP	RPA2	HN1	NCAPD2	PRDX4	ZW10	EED	PA2G4	LUC7L3	KIF2C	DCK	CCNB2	PPP1R8	PAICS	CCP110	CDKN1A	H2AFX	SNRPB	GINS3	ILF3	CDC25A	TK1	CCNE1	MCM7	PCNA	RAD51AP1	BIRC5	SPC25	CENPM	TRIP13	MKI67	RFC1	RAD1	TUBB	HNRNPD	MSH2	MTHFD2	SMC3	DEK	NOLC1	CENPE	XRCC6	CDKN3	PRPS1	STMN1	POLD2	MYC	MXD3	NBN	RFC2	WEE1	UBE2T	MCM3
HALLMARK_MYC_TARGETS_V1	SSBP1	PHB	CCT3	RFC4	CDK2	MAD2L1	SRSF3	STARD7	NPM1	PSMA4	PWP1	MCM4	IFRD1	ODC1	SET	CDK4	SRSF2	EIF4E	HDGF	APEX1	RPS3	EIF3D	KARS	EIF4A1	DDX18	CCT7	SNRPD1	SMARCC1	PSMA7	COPS5	AP3S1	PSMA2	RPL6	YWHAQ	XPO1	MRPS18B	MCM5	PRDX3	UBE2L3	VDAC1	RRP9	SNRPB2	HNRNPA1	SF3B3	RPS6	RSL1D1	AIMP2	TARDBP	HNRNPC	SNRPG	NOP16	MRPL9	RAD23B	EIF2S2	PRPF31	EXOSC7	U2AF1	NME1	USP1	IMPDH2	CSTF2	NCBP1	CDC45	PSMD8	PTGES3	TUFM	CCNA2	KPNB1	ABCE1	SNRPD2	DHX15	EPRS	NAP1L1	CAD	RANBP1	PSMD1	C1QBP	TCP1	ERH	SRSF1	MRPL23	HSP90AB1	TRIM28	GNL3	NHP2	UBA2	PABPC1	H2AFZ	HNRNPA3	RPS5	CDC20	RAN	EIF1AX	NOP56	HPRT1	IARS	SRPK1	TXNL4A	HDDC2	PGK1	CBX3	CCT2	HSPD1	PPIA	MCM6	PSMC6	SF3A1	PSMC4	TFDP1	LSM7	FBL	EIF2S1	PSMB2	POLE3	CUL1	HNRNPU	YWHAE	CNBP	DDX21	ILF2	TOMM70A	DUT	KPNA2	MCM2	CTPS	NCBP2	PSMD3	PHB2	ORC2	HDAC2	TRA2B	BUB3	RPL22	ETF1	GSPT1	TYMS	FAM120A	SYNCRIP	PRDX4	CYC1	PSMB3	ACP1	PSMA6	SRM	PA2G4	VBP1	HSPE1	HNRNPR	SERBP1	CCT5	CANX	GNB2L1	CLNS1A	RPS2	SSB	MCM7	PCNA	RPL34	UBE2E1	EIF3J	SRSF7	EIF4G2	RPLP0	GLO1	RNPS1	PSMA1	XPOT	SNRPA1	EIF4H	PABPC4	EEF1B2	HNRNPA2B1	RUVBL2	HNRNPD	LSM2	RPL14	DEK	NOLC1	RPL18	XRCC6	EIF3B	PPM1G	PRPS2	COX5A	SNRPD3	POLD2	PCBP1	MYC	CCT4	VDAC3	LDHA	NDUFAB1	SNRPA	SLC25A3	GOT2	RPS10	PSMD14	G3BP1	PSMD7	RRM1
HALLMARK_MYC_TARGETS_V2	HSPE1	MPHOSPH10	AIMP2	TBRG4	PHB	NOP56	NOP16	NPM1	LAS1L	MCM4	RABEPK	CBX3	DCTPP1	PLK1	CDK4	BYSL	GRWD1	HK2	WDR74	TMEM97	SLC19A1	HSPD1	MYBBP1A	EXOSC5	RCL1	PRMT3	TFB2M	DDX18	UNG	PUS1	TCOF1	PES1	WDR43	NIP7	PPRC1	NOP2	DUSP2	MCM5	NOC4L	IMP4	NDUFAF4	PLK4	NOLC1	IPO4	SUPV3L1	RRP9	RRP12	FARSA	GNL3	UTP20	MYC	MAP3K6	PPAN	MRTO4	SORD	SLC29A2	SRM	PA2G4
HALLMARK_EPITHELIAL_MESENCHYMAL_TRANSITION	COL12A1	MSX1	POSTN	NNMT	TNFRSF11B	COL6A2	MMP2	LAMC2	CDH11	LAMA3	VCAM1	PDGFRB	CADM1	SGCD	PLOD2	CAPG	TPM4	SDC4	LOXL1	PLOD1	ANPEP	CXCL12	CAP2	SNTB1	PRRX1	TNFRSF12A	FBN1	VEGFA	FAS	ITGB3	NOTCH2	COL3A1	PCOLCE	IL6	DKK1	CALD1	SLIT3	CXCL1	LAMC1	MMP14	DCN	SFRP1	MEST	COL7A1	GPC1	COL16A1	SPP1	COL4A2	INHBA	COL4A1	COL1A1	DPYSL3	ITGAV	IGFBP4	PMEPA1	COL8A2	FBLN2	COL6A3	GREM1	SFRP4	FBN2	CD44	TPM1	CDH2	IGFBP3	CALU	AREG	EFEMP2	FSTL1	FGF2	ECM1	PCOLCE2	ITGB5	MXRA5	MMP1	ID2	FBLN1	MAGEE1	COPA	NT5E	SDC1	OXTR	PTHLH	SCG2	TGFBR3	CYR61	ABI3BP	BGN	BASP1	CD59	SERPINE1	MFAP5	ECM2	IL15	FOXC2	GEM	PVR	CTHRC1	VEGFC	TGFB1	ITGA2	FLNA	ACTA2	WNT5A	CXCL6	CDH6	PLOD3	GJA1	THBS2	SERPINH1	FMOD	LOXL2	LOX	LUM	PRSS2	SERPINE2	THBS1	ELN	BMP1	MYLK	APLP1	LRRC15	CRLF1	PDLIM4	FZD8	COMP	TIMP1	PLAUR	GPX7	DAB2	ADAM12	COL5A2	LEPRE1	VCAN	LAMA1	FN1	RHOB	IGFBP2	SLIT2	TFPI2	NID2	COL1A2	GLT25D1	SNAI2	LRP1	TNFAIP3	SAT1	LAMA2	PPIB	SPARC	NTM	TAGLN	SPOCK1	FERMT2	WIPF1	PFN2	FAP	COL5A1	MATN2	EMP3	BDNF	JUN	DST	IL32	GADD45A	FSTL3	CTGF	TIMP3	SGCG	MCM7	TGM2	LGALS1	TPM2	SLC6A8	QSOX1	GLIPR1	FBLN5	GADD45B	MYL9	VIM	COL11A1	PMP22	ITGB1	SGCB	HTRA1	ENO2	PTX3	MMP3	GAS1	MGP	TNC	ITGA5	COL5A3	FUCA1	THY1	EDIL3	RGS4	IL8	TGFBI	MATN3
HALLMARK_INFLAMMATORY_RESPONSE	TNFRSF9	LY6E	P2RX7	OLR1	SELL	CSF3R	PDE4B	BDKRB1	TACR1	CCL7	ICAM4	ATP2C1	SCN1B	APLNR	AXL	IRF7	NDP	PTAFR	CSF1	IFNGR2	OSM	FZD5	RAF1	SRI	TACR3	CMKLR1	RGS1	EMR1	RELA	SLC4A4	BTG2	OSMR	LAMP3	ITGB3	IL1A	PDPN	IL15RA	CYBB	LIF	STAB1	CHST2	IL6	SCARF1	NMUR1	MMP14	CXCR6	NFKBIA	CD70	IL18	GPR183	GCH1	IL1R1	LPAR1	CD55	INHBA	HIF1A	ADM	HRH1	LCP2	CD40	FFAR2	NOD2	AQP9	SEMA4D	IFNAR1	NLRP3	ROS1	CX3CL1	SLC7A2	IL10RA	CCRL2	SLC28A2	SELE	NAMPT	IRF1	HAS2	ACVR1B	LYN	LCK	TNFSF15	C3AR1	KLF6	C5AR1	KCNMB2	ABI1	PCDH7	CCL20	GPR132	HBEGF	SLC1A2	IL12B	BEST1	MXD1	RTP4	TNFRSF1B	P2RX4	CCL17	ITGB8	SERPINE1	TNFSF9	IL15	TLR1	CLEC5A	SLC11A2	CCL2	RGS16	PVR	EREG	NPFFR2	ADRM1	TAPBP	CXCL6	ADORA2B	IL1B	SLC31A1	SLC7A1	CD14	CALCRL	ACVR2A	LDLR	SLAMF1	SELS	F3	IRAK2	SLC31A2	ICOSLG	IL18R1	TIMP1	TNFSF10	PLAUR	CXCL11	BST2	MSR1	MET	GP1BA	MEFV	PROK2	P2RY2	IFITM1	GPC3	HPN	DCBLD2	IL2RB	PTGER4	IL4R	CCL22	NFKB1	AHR	SPHK1	TNFAIP6	ICAM1	IL18RAP	PSEN1	CSF3	EIF2AK2	IL10	CD48	EMP3	CCL5	KIF1B	ABCA1	MEP1A	SGMS2	CDKN1A	TLR3	PIK3R5	PTGER2	ATP2A2	MARCO	CCR7	PTPRE	LTA	RHOG	KCNJ2	CXCL10	EBI3	RNF144B	FPR1	GNA15	GNAI3	PTGIR	VIP	CCL24	KCNA3	IL7R	CD82	GABBR1	EDN1	TPBG	CXCL9	ITGA5	MYC	OPRK1	RASGRP1	RIPK2	NMI	CD69	TLR2	IL8	ATP2B1
HALLMARK_XENOBIOTIC_METABOLISM	CRP	UPB1	AOX1	TGFB2	KYNU	DDT	F10	TYR	ESR1	TDO2	MBL2	NPC1	DHRS1	PSMB10	KARS	HSD11B1	NMT1	ADH1C	CYP2E1	DDAH2	ABCD2	BLVRB	ARG1	VNN1	SLC35B1	ALDH2	ALAS1	FAS	GNMT	PLG	GCNT2	ENPEP	LONP1	FMO1	DDC	PGRMC1	CASP6	GSR	RAP1GAP	MTHFD1	APOE	GCH1	NQO1	CYP2J2	IL1R1	SLC6A12	FABP1	ATOH8	ENTPD5	IGFBP4	TTPA	AQP9	EPHA2	HACL1	MARCH6	PEMT	MAOA	MPP2	ABCC3	GCLC	TAT	AP4B1	ACOX1	EPHX1	LPIN2	LEAP2	JUP	IGF1	CSAD	BPHL	GAD1	HMOX1	BCAT1	GCKR	MT2A	GSTT2	ACOX2	SLC6A6	PTGES3	SPINT2	SERTAD1	ID2	FBLN1	PYCR1	CYP1A2	ADH7	CA2	ETS2	PAPSS2	ALDH3A1	CFB	ALDH9A1	ACOX3	POR	PDK4	ITIH1	SLC1A5	SERPINE1	ARPP19	IGFBP1	HSD17B2	FMO3	VTN	DCXR	PTGDS	HPRT1	ACP2	IDH1	SMOX	AKR1C2	CYP26A1	ASL	REG1A	GABARAPL1	AKR1C3	CYB5A	ITIH4	PDLIM5	PTS	GSTO1	CYP4F2	ARG2	MCCC2	FETUB	PTGES	XDH	CYP27A1	TMEM176B	AHCY	CYP17A1	CES1	F11	PMM1	CYP2S1	HRG	SAR1B	RBP4	TNFRSF1A	MAN1A1	CNDP2	ABHD6	ECH1	ACP1	UPP1	NFS1	BCAR1	FBP1	ELOVL5	CYP1A1	COMT	NINJ1	SERPINA6	SLC12A4	RETSAT	ACO2	NDRG2	FAH	GSS	PINK1	CD36	CDO1	TMEM97	IRF8	PGD	G6PC	HGFAC	ATP2A2	SLC46A3	CCL25	DHPS	SLC22A1	UGDH	HNF4A	ANGPTL3	CYFIP2	ACSM1	PPARD	PROS1	GSTM4	TPST1	ADH5	CDA	CROT	GART	GSTA3	LCAT	SSR3	ABCC2	CBR1	CAT	DHRS7	ETFDH	PC	SLC35D1	HES6	DAK	SHMT2	PTGR1	TMBIM6	CYP2C18
HALLMARK_FATTY_ACID_METABOLISM	METAP1	PRDX6	FABP2	ECI1	GLUL	CRAT	CA4	MCEE	ACAT2	TP53INP2	TDO2	ODC1	APEX1	HSP90AA1	CRYZ	BCKDHB	PDHB	ADH1C	FH	REEP6	CYP4A11	RDH16	SETD8	VNN1	EHHADH	UROS	ALDOA	ACADVL	FMO1	MDH2	NCAPH2	CA6	ALDH1A1	CD1D	HSPH1	ECI2	FABP1	FASN	IDH3B	CYP4A22	DHCR24	PCBD1	DLST	DLD	MAOA	GAD2	SLC22A5	SUCLG2	G0S2	ACOX1	EPHX1	HPGD	BPHL	CEL	GAPDHS	SERINC1	YWHAH	MLYCD	ADH7	LTC4S	SUCLA2	CA2	SDHC	GSTZ1	HMGCS2	ALDH3A1	IDH3G	CCDC58	ALDH9A1	HAO2	GPD1	DECR1	HSD17B11	ACSL5	HADHB	IDI1	H2AFZ	ALAD	HSDL2	ACSM3	ACADS	ACADL	HSD17B10	S100A10	IDH1	GCDH	NSDHL	BMPR1B	ACADM	IL4I1	HIBCH	GABARAPL1	SMS	OSTC	CPT1A	ACSL1	PTS	GRHPR	BLVRA	XIST	ACOT8	HSD17B4	ACAA1	MGLL	ACOT2	ACSS1	UBE2L6	RAP1GDS1	CPOX	ADSL	ACSL4	ME1	ALDH3A2	CIDEA	ADIPOR2	ECH1	INMT	PDHA1	ELOVL5	CYP1A1	RETSAT	ACO2	ENO3	AOC3	MDH1	CD36	ECHS1	SDHA	SUCLG1	HADH	LGALS1	HSD17B7	ERP29	UROD	UGDH	AADAT	PTPRG	HMGCS1	PPARA	ACAA2	ENO2	RDH11	HCCS	PSME1	CBR3	NTHL1	MIF	AUH	GPD2	AQP7	SDHD	CBR1	D2HGDH	LDHA	HMGCL	CPT2	NBN	ETFDH
HALLMARK_OXIDATIVE_PHOSPHORYLATION	NDUFC2	ATP5O	HTRA2	ECI1	MTRR	ATP5H	UQCRH	GPI	CASP7	GPX4	MRPS11	NDUFA6	FDX1	PDHB	TIMM8B	FH	UQCRC1	ETFA	ATP5C1	NDUFA4	VDAC2	PDHX	COX7A2	ATP5G3	COX11	HSPA9	ATP5G1	SLC25A4	AIFM1	ATP5A1	MRPS22	ALAS1	NDUFS7	PRDX3	TIMM13	MRPL35	ACADVL	VDAC1	MDH2	NDUFA9	CYCS	POLR2F	TIMM9	ETFB	TCIRG1	COX15	NDUFB2	GRPEL1	BAX	ATP5J	MRPS12	SLC25A11	ISCA1	IDH3B	NDUFV1	COX6B1	DLST	MFN2	SLC25A6	DLD	ATP5I	DLAT	NDUFS2	NDUFS6	UQCRB	NDUFA1	ATP6V0E1	LDHB	PMPCA	ISCU	SUCLA2	CS	ABCB7	SDHC	BCKDHA	AFG3L2	ALDH6A1	ATP6V1E1	MAOB	IDH3G	POR	NDUFA7	IDH3A	PDK4	MGST3	DECR1	COX8A	NDUFS8	NQO2	RHOT2	IMMT	SLC25A12	COX10	SURF1	HADHB	ATP6V1H	COX5B	HSD17B10	IDH1	NDUFB3	ATP5L	ACAT1	ACADSB	ACADM	NDUFA3	NDUFA2	TIMM17A	SDHB	ATP5D	ATP6V1C1	UQCR11	CPT1A	ATP6V1G1	ATP5G2	NDUFB4	CYB5A	BDH2	ATP6V1F	UQCRC2	NDUFV2	TOMM70A	TIMM50	UQCR10	ACAA1	NDUFB5	ATP6V0C	MTRF1	PHB2	ATP6V1D	TOMM22	SUPV3L1	NDUFC1	NNT	MTX2	TIMM10	ATP5B	CYC1	ECH1	SLC25A5	NDUFB1	PDHA1	OGDH	ATP5J2	OAT	COX17	RETSAT	ACO2	MRPS15	COX6A1	COX7A2L	COX7B	OPA1	MRPL15	MRPL11	MDH1	COX6C	PHYH	NDUFB8	UQCRFS1	GLUD1	ECHS1	SDHA	SUCLG1	ATP6AP1	LRPPRC	ATP5E	CYB5R3	NDUFS1	COX7C	MRPL34	ATP5F1	SLC25A20	ACAA2	NDUFB6	BRP44L	RHOT1	ATP1B1	HCCS	NDUFS3	HADHA	FXN	OXA1L	IDH2	COX5A	COX4I1	UQCRQ	SDHD	VDAC3	LDHA	NDUFAB1	NDUFA5	NDUFA8	SLC25A3	GOT2	ETFDH	PDP1	ATP6V0B	NDUFS4	NDUFB7	MRPS30
HALLMARK_GLYCOLYSIS	PGLS	MXI1	ZNF292	HS6ST2	PGM2	ANKZF1	SLC25A13	IRS2	FKBP4	GNE	HK2	NDUFV3	DEPDC1	EGLN3	MED24	STC1	HAX1	PLOD2	GLRX	NDST3	RBCK1	EXT1	PLOD1	CDK1	MPI	CHPF	STC2	PKP2	COG2	VEGFA	PKM2	ALDOA	HSPA5	ANGPTL4	PFKFB1	DDIT4	FUT8	CHST2	NASP	MDH2	CASP6	GYS2	PYGB	DCN	GPC1	ABCB6	AURKA	SLC25A10	TKTL1	BPNT1	EXT2	PPP2CB	FBP2	GYS1	AK4	MERTK	PAM	DLD	CD44	IGFBP3	B3GAT3	GCLC	POLR3K	GALE	SDC2	ME2	AGL	B3GAT1	SLC16A3	SOX9	GAPDHS	PPFIA4	CAPN5	SLC37A4	CENPA	AKR1A1	SLC35A3	NT5E	HDLBP	KIF20A	SDC1	ISG20	SDHC	CHST6	P4HA2	PAXIP1	RARS	CXCR4	PMM2	ALDH9A1	G6PD	GNPDA1	CLDN3	CITED2	XYLT2	CLDN9	AK3	GPR87	PDK3	ARPP19	PHKA2	HMMR	HOMER1	HS2ST1	PGAM1	LHX9	TGFA	EGFR	SOD1	IDH1	GMPPB	ADORA2B	GOT1	NSDHL	PGK1	EFNA3	ENO1	B4GALT1	B3GALT6	PPIA	CYB5A	TSTA3	PSMC4	ANG	MET	SAP30	GALK1	IDUA	B4GALT2	NANP	VCAN	CTH	CACNA1H	GMPPA	GPC3	SPAG4	TPI1	RRAGD	ERO1L	LCT	P4HA1	B4GALT7	ME1	ECD	B4GALT4	COPB2	PFKP	GALK2	BIK	IL13RA1	ARTN	VLDLR	SRD5A3	GFPT1	GLCE	IER3	COL5A1	KDELR3	MDH1	CHPF2	CHST4	ALDH7A1	TALDO1	DSC2	GUSB	GPC4	QSOX1	SDC3	CHST12	ENO2	LDHC	NOL3	TPST1	B3GNT3	FAM162A	PGAM2	ALDOB	TXN	MIF	RPE	CHST1	TPBG	PRPS1	STMN1	LHPP	DPYSL4	GAL3ST1	ELF3	LDHA	KIF2A	PYGL	GOT2	AGRN	PC	CLN6	UGP2	MIOX	TFF3	ALG1	TGFBI
HALLMARK_REACTIVE_OXIGEN_SPECIES_PATHWAY	FTL	PRDX6	SOD1	OXSR1	GLRX2	PPP2R4	FES	STK25	PRDX1	GCLM	ERCC2	GPX4	SELS	GCLC	NDUFS2	MBP	NDUFB4	NDUFA6	ABCC1	GLRX	SOD2	JUNB	EGLN2	PRNP	TXNRD1	PRDX2	HBXIP	SBNO2	MPO	PDLIM1	SRXN1	TXNRD2	IPCEF1	CDKN2D	HHEX	MSRA	ATOX1	TXN	G6PD	HMOX2	GPX3	MGST1	CAT	LSP1	PRDX4	SCAF4	GSR	NQO1	PFKP
HALLMARK_P53_PATHWAY	S100A4	LRMP	RB1	FOXO3	SLC7A11	HEXIM1	HSPA4L	NOTCH1	RXRA	CCNG1	CDKN2A	PPM1D	CEBPA	BAIAP2	ST14	BAK1	RAB40C	XPC	APAF1	KLK8	POM121	DGKA	F2R	ADA	KRT17	MAPKAPK3	APP	ERCC5	HIST1H1C	CASP1	BTG2	IP6K2	TPRKB	IL1A	FAS	BMP2	LIF	DDIT4	VWA5A	WWP1	RHBDF2	NUPR1	FBXW7	PDGFA	SERTAD3	HDAC3	PTPN14	TP63	DDB2	NOL8	EI24	BAX	CD81	CDKN2AIP	PRKAB1	IKBKAP	TAP1	FDXR	EPHA2	IRAK1	PVT1	OSGIN1	ABAT	HIST3H2A	PERP	ZNF365	RNF19B	EPHX1	MXD4	FOS	HMOX1	TCN2	CDKN2B	SP1	NHLH2	STEAP3	ACVR1B	LDHB	SESN1	ISCU	TRAFD1	SOCS1	TRIB3	SDC1	BTG1	CSRNP2	JAG2	RCHY1	HBEGF	BLCAP	ITGB4	MXD1	SLC19A2	WRAP73	H2AFJ	CLCA2	CTSF	TNFSF9	RALGDS	RGS16	DDIT3	ZFP36L1	TGFB1	TGFA	DCXR	FGF13	DRAM1	S100A10	RPS12	TCHH	CGRRF1	TM7SF3	ZBTB16	PIDD	CCND2	DEF6	AK1	RPL36	RAD9A	PRMT2	NUDT15	PROCR	HRAS	SEC61A1	RAD51C	GLS2	SERPINB5	PLXNB2	VAMP8	SAT1	PMM1	CDK5R1	TRAF4	TP53	ZMAT3	INHBB	PPP1R15A	SPHK1	NDRG1	UPP1	KIF13B	ANKRA2	POLH	TSC22D1	NINJ1	MDM2	CCND3	IFI30	RETSAT	ATF3	IER3	PHLDA3	GM2A	JUN	SFN	CCP110	GADD45A	TM4SF1	GNB2L1	CDKN1A	CDH13	CTSD	KLF4	TRIAP1	PCNA	TNNI1	GPX2	ADCK3	SLC3A2	PTPRE	CCNK	MKNK2	CYFIP2	RPS27L	PITPNC1	TOB1	RRP8	VDR	FAM162A	CD82	TXNIP	TAX1BP3	RPL18	TSPYL2	RRAD	DNTTIP2	STOM	AEN	ALOX15B	ABCC5	PLK3	HINT1	EPS8L2	IER5	FUCA1	ABHD4	SLC35D1	RAP2B	PLK2	TPD52L1
HALLMARK_UV_RESPONSE_UP	APOM	RFC4	CDK2	EIF2S3	MSX1	KCNH2	FKBP4	HTR7	CCK	CHKA	STIP1	DGAT1	RAB27A	BAK1	TGFBRAP1	CDKN1C	PSMC3	E2F5	CXCL2	TACR3	PARP2	STARD3	SLC25A4	SPR	ASNS	NPTXR	SULT1A1	BTG2	ALAS1	AQP3	SEPW1	ALDOA	NAT1	BMP2	NR4A1	IL6	FMO1	PDAP1	C4BPB	NXF1	CEBPG	IL6ST	PLCL1	BCL2L11	MMP14	NFKBIA	CLTB	CYB5R1	EIF2C2	GCH1	PPIF	TFRC	GRPEL1	SLC6A12	SIGMAR1	AP2S1	TAP1	STK25	HSPA2	MAOA	CHRNA5	BTG3	GRINA	EPHX1	WIZ	FOS	HMOX1	IRF1	CDKN2B	LYN	POLG2	CREG1	CA2	NTRK3	BTG1	RPN1	CLCN2	MRPL23	HYAL2	FGF18	TARS	FEN1	RET	TCHH	RXRB	NKX2-5	ARRB2	PPT1	PRPF3	MGAT1	PRKCD	ATP6V1C1	CASP3	HSPA13	NPTX2	POLE3	BID	KLHDC3	SOD2	HNRNPU	JUNB	DDX21	ATP6V1F	HLA-F	RHOB	DNAJB1	IGFBP2	ACAA1	TUBA4A	POLR2H	MAPK8IP2	FURIN	CYB5B	GGH	TST	BSG	ICAM1	GLS	TYRO3	CYP1A1	FOSB	CCND3	ATF3	CDC34	COL2A1	PPP1R2	EPCAM	DNAJA1	LHX2	H2AFX	PPAT	CDO1	CCNE1	ABCB1	DLG4	SLC6A8	PDLIM3	UROD	EIF5	CTSL2	CNP	ENO2	ONECUT1	YKT6	NUPL1	PRKACA	OLFM1	RRAD	PTPRD	SQSTM1	GPX3	MARK2	CDC5L	SHOX2	RASGRP1	AMD1	GAL	TMBIM6
HALLMARK_UV_RESPONSE_DN	SIPA1L1	MMP16	LTBP1	RXRA	ZMIZ1	SPOP	SFMBT1	ATP2C1	BCKDHB	PEX14	PDGFRB	SYNE1	IGFBP5	PRDM2	MGMT	MAPK14	ADD3	SRI	PHF3	PLCB4	RASA2	CAP2	NR3C1	YTHDC1	IRS1	ITGB3	AMPH	NOTCH2	COL3A1	CDON	CELF2	SYNJ2	LAMC1	CDK13	FHL2	EFEMP1	MRPS31	PIAS3	LPAR1	COL1A1	SMAD7	BHLHE40	PTPRM	CDKN1B	ATP5S	NR1D2	SDC2	MAGI2	HAS2	FZD2	SMAD3	PRKCE	RUNX1	TGFBR3	AKT3	PTGFR	CYR61	KCNMA1	FAM179B	PPARG	ATRN	ATXN1	SERPINE1	KALRN	DLG1	INSIG1	SCHIP1	CITED2	RBPMS	MIOS	PAPD7	PRKCA	GJA1	ADORA2B	ID1	SCN8A	KIT	MAP1B	SLC7A1	CAV1	ACVR2A	LDLR	F3	ERBB2	ICA1	CDC42BPA	APBB2	PDLIM5	MET	ABCC1	DAB2	COL5A2	DYRK1A	ANXA4	MGLL	COL1A2	PTPN21	NIPBL	TFPI	ATRX	PIK3R3	SNAI2	IGF1R	FYN	NFKB1	GCNT1	ATP2B4	AGGF1	TJP1	VAV2	PIK3CD	VLDLR	BDNF	INPP4B	ARHGEF9	PTEN	RND3	NFIB	SLC22A18	CACNA1A	DBP	GRK5	PRKAR2B	MTA1	DLC1	FBLN5	ANXA2	NRP1	DDAH1	COL11A1	PMP22	BMPR1A	NEK7	LPHN2	WDR37	MAP2K5	TGFBR2	SCAF8	MYC	MT1E	RGS4	ATP2B1	PPAP2B	DUSP1
HALLMARK_ANGIOGENESIS	S100A4	THBD	CXCL6	FGFR1	POSTN	MSX1	ITGAV	OLR1	SPP1	PTK2	PGLYRP1	LUM	CCND2	LRPAP1	SLCO2A1	KCNJ8	PF4	FSTL1	TIMP1	STC1	JAG1	PRG2	NRP1	SERPINA5	COL5A2	LPL	VCAN	APP	JAG2	VEGFA	TNFRSF21	COL3A1	PDGFA	APOH	VAV2	VTN
HALLMARK_HEME_METABOLISM	DCAF10	MXI1	PGLS	MYL4	SLC7A11	FOXO3	HTRA2	H1F0	GATA1	EPB41	ENDOD1	ARHGEF12	DCAF11	NARF	CTNS	TYR	FECH	HTATIP2	ABCG2	TRIM58	USP15	HDGF	ICAM4	CA1	ARL2BP	TAL1	RANBP10	ADD1	MPP1	BLVRB	AHSP	FTCD	KAT2B	TSPO2	TNS1	TOP1	PRDX2	BMP2K	ASNS	BCAM	UBAC1	NR3C1	GYPB	GAPVD1	BTG2	ADIPOR1	AQP3	UROS	RHAG	SLC30A10	MARCH2	CDR2	RAP1GAP	OSBP2	GDE1	KHNYN	SELENBP1	ABCB6	TFRC	ELL2	TRIM10	ISCA1	TSPAN5	TRAK2	RNF19A	GCLM	HBZ	E2F2	MARK3	GCLC	SIDT2	LPIN2	RCL1	CLCN3	RAD23A	LRP10	MKRN1	MFHAS1	SLC4A1	PSMD9	BPGM	HBBP1	DCUN1D1	MBOAT2	CA2	KEL	P4HA2	BTRC	ALDH6A1	HAGH	YPEL5	GLRX5	CDC27	RHD	ATP6V0A1	MGST3	AGPAT4	SLC11A2	RNF123	SLC22A4	SPTB	ALAD	SLC6A9	JHDM1D	NUDT4	ALAS2	EZH1	PDZK1IP1	FBXO7	SMOX	MARCH8	RHCE	EIF2AK1	GYPA	DARC	SYNJ1	UCP2	HEBP1	CCDC28A	ALDH1L1	CROCCP2	MINPP1	SDCBP	FOXJ2	TFDP2	KLF3	BLVRA	MOSPD1	VEZF1	HBQ1	KLF1	FBXO9	PPOX	EPB49	C3	ANK1	RIOK3	SPTA1	FAM46C	TMCC2	TNRC6B	CPOX	NCOA4	CIR1	XPO7	LMO2	NFE2L1	SNCA	NNT	EPB42	BSG	FBXO34	ATG4A	EPOR	TMEM9B	SLC25A38	OPTN	ACSL6	RBM38	RBM5	CCND3	NFE2	CTSE	IGSF3	MOCOS	MAP2K3	BNIP3L	HBB	ERMAP	FN3K	SLC6A8	BACH1	XK	SLC30A1	UROD	SEC14L1	PICALM	SLC2A1	PPP2R5B	DAAM1	SLC25A37	LAMP2	HIST1H4C	CLIC2	PQLC1	HBD	NEK7	HMBS	PIGQ	GYPC	ADD2	GMPS	CTSB	CAT	CAST	GYPE	PC	TCEA1	SLC10A3	ACP5
HALLMARK_COAGULATION	SH2B2	SERPINC1	LEFTY2	OLR1	F10	PROZ	MMP2	MBL2	CTSO	SERPINB2	PF4	C1QA	KLK8	DUSP14	C8B	FGG	CASP9	MMP8	FBN1	ITGB3	MMP11	PLG	DPP4	CRIP2	F9	MMP10	MMP14	P2RY1	VWF	APOC1	THBD	RAC1	S100A1	CTSK	ADAM9	CD9	DCT	ACOX2	MMP1	CAPN5	F2RL2	PECAM1	ISCU	PREP	CTSH	APOC2	GNG12	HMGCS2	MAFF	CFB	C1S	DUSP6	C1R	ITIH1	PEF1	PLAU	SERPINE1	C8G	CFH	RABIF	WDR1	MMP7	CLU	F13B	TMPRSS6	SIRT2	SERPINA1	ITGA2	MST1	ARF4	PDGFB	THBS1	BMP1	F3	CPB2	PLAT	COMP	TIMP1	USP11	ANG	FGA	GP1BA	CFI	APOA1	GDA	RGN	FN1	C3	TFPI2	PLEK	PRSS23	HPN	CAPN2	APOC3	F11	FURIN	LRP1	PGCP	F8	FYN	C9	HRG	SPARC	MASP2	F12	SERPING1	MMP15	MMP9	GSN	CTSE	PROC	C8A	MEP1A	TIMP3	RAPGEF3	F2	CFD	HNF4A	CSRP1	GNB2	KLKB1	CTSL2	HTRA1	LAMP2	S100A13	MMP3	PROS1	ANXA1	C2	A2M	LTA4H	MSRB2	CPN1	CTSB	LGMN	KLF7	GP9	TF
HALLMARK_IL2_STAT5_SIGNALING	EOMES	MAP6	SERPINC1	TNFRSF9	GATA1	MYO1E	CD86	CCDC164	SELL	IRF4	WLS	ODC1	GPX4	AKAP2	LTB	HK2	IL1R2	CDKN1C	CSF1	CAPG	GPR83	FGL2	CST7	TWSG1	COCH	PLSCR1	ARL4A	SH3BGRL2	CISH	SLC2A3	BMP2	LIF	PTRH2	PLEC	PRAF2	CDC42SE2	TNFSF11	CCR4	GBP4	ST3GAL4	NCS1	RORA	SNX9	SPP1	BATF3	PENK	CD81	IL13	S100A1	GLIPR2	ITGAV	IFITM3	BHLHE40	SHE	CYFIP1	TTC39B	TLR7	RHOH	CD44	IL10RA	ICOS	CAPN3	ECM1	GPR65	PLIN2	F2RL2	PHTF2	ITGA6	SWAP70	KLF6	SOCS1	NT5E	CA2	CSF2	LCLAT1	MYO1C	LRRC8C	MAFF	TNFRSF18	RABGAP1L	MXD1	CDCP1	TNFRSF1B	P2RX4	SLC1A5	PTCH1	RGS16	UCK2	SPRED2	CD79B	TNFRSF4	ENPP1	IRF6	CCND2	SPRY4	GABARAPL1	SOCS2	SNX14	APLP1	SLC39A8	IKZF2	CASP3	FLT3LG	IL18R1	TNFSF10	PPAP2A	MAPKAPK2	SYNGR2	ADAM19	EMP1	RNH1	GSTO1	GALM	HOPX	IL2RA	ANXA4	MUC1	HIPK2	RHOB	POU2F1	AHCY	SCN9A	RRAGD	IL2RB	TNFRSF21	FURIN	IGF1R	IL4R	NFIL3	CKAP4	P4HA1	XBP1	ALCAM	PRKCH	TRAF1	SYT11	NFKBIZ	AHR	BCL2	CDC6	IKZF4	IGF2R	PNP	NDRG1	SLC29A2	METTL20	UMPS	CTLA4	IFNGR1	CD83	CCND3	AHNAK	IL10	CD48	PTH1R	BATF	NCOA3	FAH	ENO3	ITIH5	PDCD2L	SERPINB6	PIM1	LRIG1	DCPS	CCNE1	PTGER2	IRF8	ABCB1	TGM2	ETV4	SELP	BCL2L1	IL1RL1	GADD45B	DENND5A	NRP1	PUS1	GUCY1B3	CXCL10	SMPDL3A	PRNP	PLAGL1	N6AMT2	ITGAE	NOP2	PHLDA1	MAP3K8	CTSZ	TIAM1	BMPR2	TNFRSF8	AMACR	IL3RA	MYC	AGER	FAM126B	DHRS3	HUWE1	COL6A1
HALLMARK_BILE_ACID_METABOLISM	CYP39A1	RXRA	PEX12	PEX19	NPC1	LONP2	TTR	SULT2B1	ABCD2	PEX7	EFHC1	FADS1	ABCA5	GNMT	PFKM	ALDH8A1	PNPLA8	CYP7B1	PAOX	ABCG4	ALDH1A1	TFCP2L1	PEX11A	SLC23A1	HSD3B1	DHCR24	FDXR	AQP9	ABCG8	SCP2	HACL1	GCLM	PXMP2	AR	NR1H4	SLCO1A2	PRDX5	ISOC1	CYP46A1	LCK	MLYCD	PEX11G	CH25H	ALDH9A1	ABCA4	PEX1	ATXN1	BMP6	DIO1	HSD17B11	GC	HSD17B6	ACSL5	SLC27A5	IDI1	BBOX1	SOD1	ABCD1	RBP1	IDH1	PIPOX	GNPAT	SLC29A1	SULT1B1	EPHX2	ABCA6	SOAT2	ABCA8	NR3C2	ACSL1	APOA1	RXRG	PEX26	NUDT12	KLF1	HSD17B4	CYP27A1	ABCA3	HSD3B7	PEX6	AGXT	NR0B2	HAO1	GSTK1	FADS2	NR1I2	CYP8B1	PEX13	BCAR3	OPTN	SLC23A2	SERPINA6	RETSAT	SLC35B2	NEDD4	PEX16	ABCA9	ABCA1	PHYH	PECR	SLC22A18	ABCA2	SLC27A2	ABCD3	CYP7A1	CROT	IDH2	LIPE	AMACR	CAT	AKR1D1	DIO2
HALLMARK_PEROXISOME	CRAT	ITGB1BP1	IDE	LONP2	PEX14	TTR	CADM1	SULT2B1	SMARCC1	CRABP2	ABCD2	SLC25A4	FABP6	EHHADH	FADS1	CDK7	ALDH1A1	TOP2A	ABCB9	ECI2	PEX11A	TSPO	CTBP1	DHCR24	PEX2	SCP2	ACOX1	PRDX5	CEL	SLC25A19	PEX5	ISOC1	SCGB1A1	SIAH1	YWHAH	MLYCD	PEX11B	UGT2B17	ALDH9A1	NUDT19	HAO2	VPS4B	ATXN1	DIO1	HSD17B11	ACSL5	PABPC1	IDI1	FDPS	SOD1	ABCD1	IDH1	SLC25A17	ERCC1	GNPAT	ALB	EPHX2	ABCB4	ABCC8	ESR2	ACSL1	SOD2	RXRG	CNBP	HRAS	ACOT8	HSD17B4	ACAA1	CTPS	HSD3B7	CACNA1B	PEX6	ACSL4	HSD11B2	GSTK1	NR1I2	ECH1	PEX13	SLC23A2	ELOVL5	SERPINA6	RETSAT	CLN8	SLC35B2	STS	PRDX1	ABCB1	DLG4	SLC27A2	BCL10	ABCD3	CRABP1	MVP	FIS1	RDH11	MSH2	SEMA3C	ERCC3	IDH2	ABCC5	CAT	HMGCL	DHRS3	CLN6
HALLMARK_ALLOGRAFT_REJECTION	TGFB2	NPM1	CD86	TRAT1	IRF4	CDKN2A	PRKCG	STAT1	MBL2	JAK2	KLRD1	LTB	CFP	CCL7	PSMB10	EIF3D	ITGB2	PF4	CD7	IRF7	CSF1	IL2	CAPG	CCR5	IFNGR2	F2R	IKBKB	PRKCB	CD3D	TLR6	CXCR3	FAS	RPL39	LIF	STAB1	IL6	LY86	HLA-G	NCK1	CD47	ACHE	CD1D	CSK	ELANE	CARTPT	IL18	STAT4	GALNT1	IL7	EIF5A	IL12A	SPI1	INHBA	HIF1A	GZMB	KRT1	LCP2	CD40	IL13	RPL9	CXCL13	TAP1	HLA-DMA	NLRP3	CD8B	MRPL3	RPL3L	IL9	ETS1	NME1	WAS	LY75	BCL3	GPR65	HDAC9	CD74	CD40LG	APBB1	TRAF2	BCAT1	IL16	RPS9	B2M	LYN	CD96	LCK	ABCE1	SOCS1	HLA-DOA	ABI1	RARS	GZMA	AKT1	CD2	RPS19	CD3G	IL12B	FYB	CCL4	CD8A	IL4	CCR1	GLMN	IL15	TLR1	CCL2	CCL19	EREG	RPS3A	TGFB1	CD80	MAP4K1	EGFR	DEGS1	FLNA	BRCA1	TAPBP	TAP2	CD4	CTSS	IL1B	CCND2	HLA-DRA	DYRK3	CCL13	ACVR2A	ITK	ICOSLG	TIMP1	HLA-DQA1	FASLG	PTPRC	IL2RA	DARS	PRF1	MAP3K7	UBE2N	IL2RB	IL4R	ZAP70	CCL22	GCNT1	FCGR2B	PTPN6	HLA-DMB	HLA-DOB	ST8SIA4	IL11	EIF4G3	CRTAM	INHBB	SRGN	CD247	ICAM1	IFNGR1	MMP9	IL18RAP	GBP2	CCND3	CD28	IL10	CCL5	CD3E	TNF	TLR3	IL2RG	NCR1	IRF8	WARS	EIF3J	SIT1	HLA-A	CCR2	MTIF2	BCL10	F2	IFNG	ELF4	IL27RA	IFNAR2	ITGAL	AARS	UBE2D1	CD79A	HCLS1	C2	FGR	IL12RB1	IGSF6	NOS2	CXCL9	RIPK2	TPD52	THY1	CCL11	HLA-E	EIF3A	NCF4	TLR2	SOCS5
HALLMARK_SPERMATOGENESIS	RFC4	TNP1	CHFR	HSPA4L	FAM164C	PIAS2	ADAD1	CLPB	IP6K1	EZH2	NEK2	CLVS1	IDE	CCNA1	MAST2	CFTR	COIL	TOPBP1	PARP2	SPATA6	CDK1	ARL4A	ART3	ZPBP	SEPT4	IFT88	SCG3	HTR5A	SYCP1	HIST1H1T	DMRT1	SLC2A5	TUBA3C	DPEP3	CHRM4	RAD17	PHKG2	IL12RB2	DNAJB8	TKTL1	AURKA	HOXB1	MLLT10	LPIN1	ACRV1	CCT6B	SHE	MAP7	HSPA2	HBZ	DCC	ODF1	GMCL1	CNIH2	SNAP91	TULP2	TSN	GAD1	PSMG1	NOS1	GAPDHS	ALOX15	PAPOLB	GFI1	NPY5R	SLC12A2	PACRG	ADCYAP1	YBX2	DBF4	ACRBP	THEG	DMC1	IL13RA2	GSG1	NAA11	TEKT2	ADAM2	TNNI3	NPHP1	NEFH	JAM3	AKAP4	MTOR	BRAF	CST8	SCG5	PCSK1N	CRISP2	BUB1	PCSK4	ACTL7B	CLGN	MTNR1A	STRBP	ZC3H14	MLF1	NCAPH	PEBP1	PGS1	GRM8	POMC	CSNK2A2	NF2	MEP1B	RPL39L	KIF2C	PHF7	TTK	CCNB2	OAZ3	DDX4	HSPA1L	PRKAR2A	PRM2	TALDO1	TCP11	GPR182	AGFG1	TLE4	DDX25	PDHA2	PGK2	ZNRF4	TNP2	GSTM3	ELOVL3	LDHC	STAM2	CAMK4	SIRT1	CDKN3	ACE	VDAC3	TSSK2
HALLMARK_KRAS_SIGNALING_UP	CBL	HIST1H2BB	TMEM176A	F13A1	AKAP12	ALDH1A3	AVL9	TPH1	PIGR	ATG10	SCN1B	ITGB2	HSD11B1	GNG11	MPZL2	GLRX	MALL	GUCY1A3	CMKLR1	ANKH	GPR124	ARG1	HKDC1	MMD	PDCD1LG2	NGF	PRRX1	TRIB1	CSF2RA	SCG3	RETN	RELN	PEG3	BMP2	ANGPTL4	LIF	VWA5A	MMP11	PRKG2	MMP10	WDR33	LY96	BIRC3	IL1RL2	TSPAN1	AKT2	TNNT2	SPP1	SATB1	IGF2	INHBA	CBX8	ETV5	TOR1AIP2	MAP7	LCP1	PLEK2	TSPAN13	CFHR2	ITGBL1	TMEM100	IL10RA	ETS1	IGFBP3	GALNT3	NR1H4	FAM190B	ADAM17	G0S2	SNAP91	JUP	GFPT2	PCP4	HDAC9	PTPRR	SOX9	CBR4	PECAM1	ID2	ETV1	BPGM	C3AR1	TRIB2	CA2	CSF2	RBM4	CXCR4	CCL20	HBEGF	TSPAN7	CFB	RABGAP1L	DUSP6	TNFRSF1B	ELTD1	SNAP25	PLAU	MTMR10	ZNF277	CFH	RGS16	EREG	IL33	EPB41L3	FBXO4	MAP4K1	ITGA2	IKZF1	PLVAP	MAP3K1	GABRA3	SPON1	PRDM1	CD37	KCNN4	NAP1L2	CTSS	IL1B	CCND2	FLT4	AMMECR1	PLAT	SCG5	PCSK1N	PLAUR	EMP1	STRN	CLEC4A	USP12	DNMBP	GPRC5B	LAT2	TMEM176B	DCBLD2	TFPI	ADAMDEC1	SEMA3B	YRDC	ERO1L	TNFAIP3	GADD45G	NR0B2	MYCN	RBP4	CDADC1	TRAF1	TMEM158	ANO1	CIDEA	PTGS2	GPNMB	PPP1R15A	CPE	BTBD3	HOXD11	SPARCL1	MMP9	ZNF639	PSMB8	USH1C	ENG	WNT7A	APOD	ST6GAL1	ANXA10	PTCD2	KLF4	SLPI	IL2RG	IRF8	ABCB1	BTC	ETV4	EPHB2	CAB39L	LAPTM5	SLMO2	NIN	NRP1	DOCK2	CXCL10	SPRY2	ADAM8	F2RL1	FGF9	EVI5	IL7R	FCER1G	TLR8	ALDH1A2	SDCCAG8	CROT	ACE	SERPINA3	GYPC	KIF5C	PPBP	FUCA1	MAFB	PTBP2
HALLMARK_KRAS_SIGNALING_DN	IL5	EDN2	ITIH3	LYPD3	SPRR3	TGFB2	ZFP112	FAM164C	CYP39A1	PRODH	NRIP2	SERPINB2	CCR8	CCNA1	GPR3	SLC6A3	SLC38A3	SERPINA10	EFHD1	KLK8	CLDN8	DLK2	SNN	NTF3	P2RY4	KCNE2	GPR19	HTR1B	GPRC5C	CCDC106	PROP1	HTR1D	CDKAL1	ASB7	MYO15A	FGGY	MAST3	H2AFY2	BTG2	SCN10A	CLPS	MX1	RSAD2	OXT	CHST2	RIBC2	CACNG1	PAX4	ABCG4	SMPX	CPA2	CPB1	TFF2	FGFR3	TFCP2L1	PTPRJ	IRS4	CHRNG	CNTFR	KRT1	PNMT	RGS11	CALCB	EDAR	TCF7L1	CACNA1F	SGK1	ADRA2C	PDE6B	INSL5	DCC	AMBN	THNSL2	SLC6A14	NOS1	KCNN1	TEX15	CD40LG	KCND1	RYR1	SCGB1A1	BRDT	BARD1	DTNB	FSHB	TG	LGALS7	SLC12A3	YBX2	NUDT11	MYOT	FGF22	ENTPD7	RYR2	PTGFR	VPREB1	UGT2B17	IL12B	KRT5	MFSD6	ABCB11	TGM1	GP2	CD80	TNNI3	THRB	ARPP21	ATP4A	SIDT1	ZBTB16	BMPR1B	SOX10	SKIL	CD207	CELSR2	NR4A2	KCNMB1	C5	CYP11B2	KRT13	CPEB3	YPEL1	GP1BA	P2RX6	MEFV	NGB	IDUA	PPYR1	PKP1	IGFBP2	CAMK1D	KRT4	FAM46C	WNT16	PAX3	AKR1B10	HNF1A	PLAG1	CLDN16	ITGB1BP2	GTF3C5	HSD11B2	KCNQ2	PARK2	SYNPO	SEPP1	ALOX12B	NR6A1	MTHFR	CALML5	TSHB	SLC29A3	SPTBN2	ODZ2	COL2A1	NPHS1	UPK3B	SLC16A7	MYH7	PCDHB1	GAMT	MAGIX	PDCD1	GDNF	STAG3	GRID2	MSH5	CLSTN3	TLX1	MLL2	ADCK3	TAS2R4	IFNG	SPHK2	ARHGDIG	FGF16	EGF	COPZ2	EPHA5	IFI44L	TFAP2B	ATP6V1B1	LFNG	EDN1	SLC30A3	CDH16	TCL1A	SLC25A23	SSTR4	KLK7	PDK2	KRT15	CKM	SHOX2	ACTC1	SLC5A5	SNCB	KLHDC8A	CCDC132	CAPN9
HALLMARK_PANCREAS_BETA_CELLS	SPCS1	PCSK2	SEC11A	GCK	FOXA2	G6PC2	NKX6-1	NKX2-2	SLC2A2	GCG	ABCC8	ELP4	SST	SYT13	ISL1	SRP14	CHGA	FOXO1	PAX6	IAPP	VDR	NEUROG3	SRP9	DCX	AKT3	PAK3	HNF1A	PCSK1	LMO2	PKLR	DPP4	INSM1	PAX4	INS	MAFB	NEUROD1	PDX1	STXBP1	SRPRB	SCGN
