HALLMARK_TNFA_SIGNALING_VIA_NFKB	PLAU	CCND1	GFPT2	TNFAIP2	MXD1	LITAF	SERPINB8	CCRL2	MAFF	CD83	DDX58	CD44	FJX1	TNIP2	IL6	EGR2	CYR61	NFAT5	KYNU	TRAF1	TAP1	RELA	KLF4	FOSB	SGK1	SPHK1	TNFRSF9	OLR1	CCL5	LIF	DENND5A	IFNGR2	GADD45B	SERPINB2	TNIP1	CCL20	CD80	NR4A1	SLC2A6	NR4A2	SAT1	ATP2B1	PER1	IL12B	AREG	SDC4	EGR3	CD69	DUSP5	IFIH1	IER3	ATF3	IRS2	F3	CXCL11	KLF6	SOD2	IL7R	EDN1	IL6ST	CXCL3	CDKN1A	NFKBIE	TGIF1	CFLAR	PTGER4	TNFSF9	HES1	NR4A3	CCNL1	CXCL10	CEBPB	SIK1	EFNA1	PTX3	ETS2	RHOB	EIF1	NFKB1	RCAN1	GADD45A	LAMB3	FUT4	PLK2	PMEPA1	DUSP2	NFE2L2	CEBPD	BTG1	ICAM1	RELB	PTPRE	PHLDA2	TUBB2A	TRIP10	RNF19B	IL1B	DUSP1	IER2	KDM6B	PDLIM5	TIPARP	KLF10	CSF1	PLEK	JUN	BCL3	ICOSLG	SQSTM1	BIRC3	BMP2	IFIT2	ZBTB10	B4GALT1	NINJ1	PPP1R15A	CXCR7	SLC2A3	MAP2K3	IL1A	CCL4	BTG2	STAT5A	IER5	DUSP4	CCL2	SPSB1	BCL2A1	TLR2	KLF9	PLAUR	MCL1	TRIB1	ID2	CLCF1	FOSL2	G0S2	FOSL1	IRF1	DRAM1	MARCKS	VEGFA	ZFP36	PHLDA1	INHBA	DNAJB4	ABCA1	SERPINE1	PTGS2	BCL6	YRDC	BHLHE40	GEM	MAP3K8	IL23A	CXCL1	MYC	SNN	REL	MSC	IL18	F2RL1	JAG1	GPR183	HBEGF	EGR1	PNRC1	TNFAIP8	TSC22D1	SMAD3	BTG3	PDE4B	B4GALT5	RIPK2	TANK	NFKBIA	SLC16A6	TNF	LDLR	ZC3H12A	JUNB	NAMPT	TNFAIP3	NFKB2	CSF2	CXCL2	FOS	TNC	IL15RA	PFKFB3	CXCL6	EHD1	PANX1	GCH1	KLF2	TNFAIP6	BIRC2	NFIL3	SOCS3	PPAP2B
HALLMARK_HYPOXIA	ILVBL	SELENBP1	RRAGD	PGF	HMOX1	GRHPR	GYS1	COL5A1	MAFF	SLC2A5	ADM	RBPJ	S100A4	IL6	SDC2	CYR61	PGK1	ZNF292	ATP7A	RORA	PRKCDBP	SRPX	ENO1	PDK3	HEXA	CHST3	GALK1	HK1	GPI	PPFIA4	AKAP12	B3GALT6	TPI1	NDRG1	BCAN	NDST1	TPD52	AK4	SDC4	CP	PAM	IER3	EXT1	PFKL	ATF3	ANXA2	IRS2	SAP30	F3	P4HA1	KLF6	EGFR	TGFB3	DCN	PKLR	SIAH2	PGM2	CDKN1A	STC2	PGAM2	TGFBI	ANKZF1	GCK	GPC1	JMJD6	INHA	ERO1L	MT1E	BGN	MXI1	VHL	CASP6	EFNA1	GAPDHS	HOXB9	PFKP	CCRN4L	GAA	PCK1	CA12	NCAN	BTG1	BRS3	ENO3	ALDOB	DUSP1	GPC4	CCNG2	WISP2	LOX	KLHL24	NDST2	TIPARP	BCL2	ERRFI1	JUN	PDK1	KLF7	PKP1	GCNT2	HK2	SLC6A6	PHKG1	SLC2A1	CXCR4	PPARGC1A	LALBA	SLC2A3	PPP1R15A	CXCR7	TMEM45A	PLAC8	CAV1	SLC37A4	NAGK	HS3ST1	TPBG	NEDD4L	GAPDH	P4HA2	PLAUR	DTNA	BNIP3L	WSB1	PRDX5	GLRX	ANGPTL4	FOSL2	ISG20	MT2A	VEGFA	TKTL1	B4GALNT2	IDS	ZFP36	SERPINE1	LARGE	KIF5A	CTGF	BHLHE40	GPC3	PDGFB	VLDLR	FAM162A	NR3C1	DDIT4	CSRP2	TES	SLC25A1	FBP1	ALDOA	HAS1	SULT2B1	LDHA	DPYSL4	MAP3K1	KDM3A	UGP2	EDN2	PNRC1	CITED2	ALDOC	PIM1	IGFBP3	ADORA2B	XPNPEP1	MYH9	STC1	SDC3	STBD1	KDELR3	MIF	SCARB1	PRKCA	PPP1R3C	EFNA3	HSPA5	LDHC	AMPD3	CDKN1B	CDKN1C	PGM1	ENO2	PYGM	PTRF	TNFAIP3	GBE1	IGFBP1	FOS	FOXO3	DDIT3	TPST2	HDLBP	PLIN2	TGM2	PFKFB3	LXN	ETS1	NFIL3	CHST2
HALLMARK_CHOLESTEROL_HOMEOSTASIS	ATF3	CBS	IDI1	STARD4	TMEM97	STX5	ADH4	EBP	HMGCS1	ERRFI1	CHKA	TP53INP1	NSDHL	FAM129A	JAG1	SEMA3B	FBXO6	HMGCR	LPL	ACTG1	TM7SF2	TRIB3	CXCL16	PNRC1	CTNNB1	ALDOC	ABCA2	LGALS3	GPX8	GNAI1	FASN	CPEB2	PPARG	GLDC	FABP5	FADS2	GSTM2	PMVK	ANXA5	LGMN	PDK3	ETHE1	ANTXR2	PLSCR1	ATXN2	MVK	ANXA13	PLAUR	LSS	LDLR	CYP51A1	ECH1	ALCAM	MAL2	FDFT1	FDPS	S100A11	PCYT2	MVD	ATF5	HSD17B7	DHCR7	TNFRSF12A	CLU	CD9	ACSS2	AVPR1A	SC5DL	SREBF2	ACAT2	NFIL3	SQLE	GUSB	SCD
HALLMARK_MITOTIC_SPINDLE	AZI1	TUBD1	LMNB1	RICTOR	TUBA4A	NDC80	PRC1	CCDC88A	TLK1	ANLN	FBXO5	CENPJ	LRPPRC	TSC1	VCL	KIF5B	NEK2	MID1	NCK1	CNTRL	EPB41	ARL8A	SHROOM1	PIF1	RFC1	ACTN4	CKAP5	NUSAP1	ARHGAP4	CAPZB	PLK1	EPB41L2	CENPF	PREX1	RHOF	PPP4R2	OPHN1	SEPT9	RASA2	RASAL2	BIRC5	MYO1E	RAPGEF5	BUB1	TUBGCP6	LATS1	BCL2L11	KIF3B	WASF1	KIF23	SPTAN1	ALS2	STK38L	TPX2	KIF3C	STAU1	CEP72	FGD6	NEDD9	ROCK1	CDC27	RASA1	CDC42EP4	KLC1	ARHGAP27	TRIO	SSH2	ESPL1	FSCN1	ARHGAP29	MAP1S	PCNT	AURKA	RACGAP1	NUMA1	GEMIN4	SAC3D1	CCNB2	SUN2	DST	HDAC6	MARK4	PDLIM5	CEP192	KIF11	KPTN	KNTC1	TUBGCP5	LLGL1	RHOT2	RABGAP1	ARF6	KIF4A	CTTN	BCAR1	CYTH2	SYNPO	DYNC1H1	NCK2	FARP1	CLASP1	SMC4	KIF2C	RALBP1	DLGAP5	SMC3	TUBGCP3	SHROOM2	PCM1	PALLD	CDC42BPA	BRCA2	ARFIP2	PCGF5	FGD4	PKD2	YWHAE	ARHGEF3	ARHGEF7	ECT2	TTK	ARHGEF2	EZR	KATNA1	TUBGCP2	MARCKS	ALMS1	FLNA	ABL1	BCR	KIF1B	ABI1	SASS6	MYH10	CLIP2	CDK1	ARHGEF11	KATNB1	RANBP9	ITSN1	CENPE	NF1	AKAP13	WASL	DOCK2	TOP2A	HOOK3	APC	CEP250	DYNLL2	PAFAH1B1	KIFAP3	ARHGAP5	GSN	MID1IP1	KIF22	CNTROB	CEP57	CRIPAK	CD2AP	PXN	SORBS2	MYH9	DLG1	RAB3GAP1	FLNB	UXT	ARFGEF1	RAPGEF6	ATG4B	CDK5RAP2	MYO9B	BIN1	TAOK2	INCENP	CDC42EP1	SPTBN1	NOTCH2	TIAM1	ARHGEF12	WASF2	NET1	MAPRE1	SOS1	ARHGDIA	NIN	CLIP1	MAP3K11	PLEKHG2	ARAP3	CSNK1D	DOCK4	TBCD	ARHGAP10	SMC1A	KIF15	CDC42EP2	KIF20B	ABR	CDC42
HALLMARK_WNT_BETA_CATENIN_SIGNALING	MYC	NKD1	DKK4	AXIN2	FZD8	NUMB	CCND2	HDAC2	RBPJ	JAG1	NOTCH4	PPARD	JAG2	CTNNB1	WNT6	GNAI1	TP53	PTCH1	CUL1	PSEN2	LEF1	NCSTN	NCOR2	SKP2	HDAC5	KAT2A	WNT1	FRAT1	DLL1	HDAC11	AXIN1	ADAM17	MAML1	WNT5B	HEY2	FZD1	HEY1	DVL2	NOTCH1	CSNK1E	DKK1	TCF7
HALLMARK_TGF_BETA_SIGNALING	SMAD6	BCAR3	KLF10	BMPR1A	TRIM33	APC	UBE2D3	SMAD1	WWTR1	SKI	BMP2	LTBP2	FKBP1A	PPM1A	SMAD7	THBS1	PPP1CA	ENG	CTNNB1	SKIL	PPP1R15A	LEFTY2	TGIF1	CDH1	SMAD3	TGFB1	TJP1	SMURF2	RHOA	TGFBR1	NOG	NCOR2	MAP3K7	ID3	HIPK2	IFNGR2	FURIN	SPTBN1	ID2	CDKN1C	JUNB	ID1	PMEPA1	SMURF1	ARID4B	SLC20A1	FNTA	SERPINE1	ACVR1	CDK9	XIAP	RAB31	BMPR2	HDAC1
HALLMARK_IL6_JAK_STAT3_SIGNALING	PTPN1	CD14	HMOX1	CD44	CD36	IL7	IL6	BAK1	STAM2	CXCL13	LTB	HAX1	PTPN11	ITGA4	IL12RB1	PF4	CBL	IFNGR2	IL10RB	IL2RG	CCR1	INHBE	CSF3R	IRF9	ACVR1B	CXCL11	CCL7	PTPN2	IL6ST	CXCL3	CRLF2	CNTFR	OSMR	CXCL10	FAS	IL17RA	MYD88	SOCS1	STAT1	ACVRL1	CD9	IL1R1	IL1B	IL9R	CXCL9	CSF2RA	CSF1	JUN	IL13RA1	TNFRSF1A	IL3RA	IL17RB	GRB2	TLR2	PLA2G2A	IFNAR1	IRF1	TNFRSF21	IL4R	LTBR	TYK2	MAP3K8	CXCL1	LEPR	EBI3	DNTT	PIK3R5	TNFRSF1B	PDGFC	STAT3	PIM1	IFNGR1	TGFB1	STAT2	IL18R1	CSF2RB	TNF	IL2RA	CD38	ITGB3	REG1A	A2M	TNFRSF12A	CSF2	IL15RA	IL1R2	SOCS3
HALLMARK_DNA_REPAIR	POLR2F	POLR1C	GTF2B	POLR2I	GTF2H3	POM121	THOC4	REV3L	STX3	POLR2A	ERCC5	LIG1	POLR2C	CCNO	RALA	POLE4	COX17	ARL6IP1	TH1L	EDF1	GMPR2	POLR2K	VPS28	TSG101	NUDT21	TAF9	GTF2A2	GTF3C5	SUPT5H	POLR2E	SURF1	POLH	RRM2B	DAD1	EIF1B	VPS37D	NT5C	SEC61A1	PRIM1	DGUOK	RFC4	CMPK2	ZNF707	PNP	POLR2J	DFNA5	NCBP2	CSTF3	POLR3GL	SRSF6	RFC5	BRF2	NPR2	GUK1	TYMS	RNMT	TAF12	PDE6G	EIF2C4	TP53	POLA1	RDBP	TARBP2	RBX1	POLB	ELL	RAE1	ERCC3	NME4	POLR2H	ERCC4	POLD1	POLL	TAF6	DDB2	POLR2D	SDCBP	CLP1	VPS37B	GTF2H5	POLD3	SNAPC5	APRT	RAD51	SAC3D1	ERCC2	ADCY6	GTF2H1	POLD4	DUT	TMED2	DCTN4	SSRP1	SMAD5	SF3A3	RFC2	TAF13	HCLS1	NME1	NFX1	TK2	POLR1D	NME3	ADRM1	CDA	HPRT1	UPF3B	UMPS	RFC3	ERCC8	USP11	RPA2	COBRA1	ADA	POLR2G	BCAM	RAD52	DGCR8	SUPT4H1	TCEB3	TAF10	ZWINT	NUDT9	BOLA2	PCNA	MPG	FEN1	AK1	GTF2F1	XPC	AK3	PDE4B	BRP44	MRPL40	IMPDH2	BCAP31	POLA2	CETN2	GPX4	DDB1	TAF1C	ITPA	AAAS	ERCC1	POLR3C	SNAPC4	RPA3	CANT1	NT5C3	ZNRD1
HALLMARK_G2M_CHECKPOINT	CTCF	MAPK14	CCND1	CDC25A	E2F4	LMNB1	SUV39H1	NASP	TFDP1	NDC80	TACC3	PRC1	SRSF2	CDC7	LIG3	CCNF	SLC12A2	DKC1	FBXO5	MTF2	ODF2	KIF5B	CDKN2C	NEK2	XPO1	CDKN3	EWSR1	RAD23B	SLC7A1	NUP98	WRN	KPNA2	EFNA5	POLQ	HIF1A	BUB3	CDC25B	STAG1	HSPA8	UPF1	TMPO	NUSAP1	TNPO2	PLK1	EGF	CENPF	PAPD7	SAP30	G3BP1	BARD1	RASAL2	CASC5	DTYMK	BIRC5	STIL	EXO1	CBX1	DR1	PRPF4B	BUB1	CDC20	CCNT1	HIST1H2BK	HUS1	HMGB3	KIF23	MCM6	STMN1	TPX2	ATRX	SLC7A5	CDC27	ZAK	HMGN2	AMD1	KPNB1	ATF5	ESPL1	HNRNPD	AURKA	RACGAP1	CUL3	H2AFV	TRAIP	NUMA1	SQLE	CCNB2	PRIM2	YTHDC1	SMARCC1	CHAF1A	ILF3	MNAT1	NCL	KIF11	PTTG3P	CUL5	TOP1	BCL3	KIF4A	PDS5B	MYBL2	MCM3	DBF4	DDX39A	CDC6	SMC4	RBL1	UBE2S	KIF2C	HIRA	RAD21	MCM2	MKI67	SETD8	BRCA2	HMGA1	CHMP1A	CDK4	ARID4A	NUP50	PLK4	PRMT5	TTK	CUL4A	KATNA1	MT2A	MARCKS	EZH2	ABL1	SRSF1	RPA2	NOLC1	GINS2	MEIS2	E2F2	TROAP	HMMR	CDK1	CKS1B	UBE2C	E2F3	E2F1	AURKB	CENPE	MYC	SFPQ	SNRPD1	SMC1A	DMD	CKS2	TOP2A	TLE3	FOXN3	CHEK1	PAFAH1B1	RBM14	SMC2	ODC1	KIF22	TRA2B	ORC5	LBR	SMAD3	TGFB1	SLC38A1	FANCC	CUL1	WHSC1	CDC45	MEIS1	CENPA	CCNA2	GSPT1	HN1	POLE	INCENP	HNRNPU	SRSF10	H2AFX	NOTCH2	CDKN1B	POLA2	PTTG1	RAD54L	PURA	HOXC10	MCM5	H2AFZ	PBK	SS18	CASP8AP2	MAD2L1	SYNCRIP	PML	UCK2	ORC6	RPS6KA5	KIF15	KIF20B
HALLMARK_APOPTOSIS	CCND1	LPPR4	CD14	HMOX1	KRT18	CD44	TNFSF10	IL6	CASP1	SMAD7	SOD1	TAP1	RELA	GPX1	CASP9	DFFA	IFNB1	PPP3R1	BCL10	ANKH	GSR	RETSAT	MMP2	GADD45B	DPYD	CDK2	SAT1	PEA15	MGMT	CLU	BCL2L2	CDC25B	EGR3	AVPR1A	CD69	IER3	ATF3	BRCA1	TXNIP	EMP1	SOD2	DCN	ADD1	RARA	CDKN1A	PDGFRB	CTNNB1	PPT1	CFLAR	BCL2L11	PSEN2	LEF1	BGN	SPTAN1	CASP6	DNAJC3	RHOB	FAS	HMGB2	ROCK1	NEDD9	GADD45A	SATB1	IGF2R	CASP7	PRF1	PLCB2	DAP	F2	CASP8	IL1B	TGFBR3	MADD	TSPO	EBP	CCND2	JUN	RHOT2	SQSTM1	BIRC3	BMP2	ERBB3	BMF	APP	GUCY2D	IL1A	LUM	GSTM1	NEFH	CAV1	CD2	BTG2	H1F0	BAX	GPX3	RNASEL	ERBB2	PAK1	FDXR	MCL1	BNIP3L	TIMP3	CYLD	ISG20	IGFBP6	IRF1	PLAT	DNM1L	PDCD4	SLC20A1	TIMP1	HGF	FEZ1	XIAP	SC5DL	GNA15	F2R	EREG	TOP2A	TIMP2	IL18	DIABLO	ANXA1	TGFB2	DNAJA1	GSN	VDAC2	PMAIP1	CASP4	IFNGR1	LGALS3	CREBBP	BID	BTG3	HSPB1	BCL2L1	AIFM3	IFITM3	CCNA1	CASP2	LMNA	TNF	BCAP31	GPX4	CDKN1B	CASP3	CD38	CTH	ENO2	PPP2R5B	TNFRSF12A	FASLG	ETF1	DAP3	PSEN1	BIK	DDIT3	BCL2L10	WEE1	GCH1	PTK2
HALLMARK_NOTCH_SIGNALING	CCND1	SAP30	DTX4	DTX2	JAG1	APH1A	TCF7L2	PPARD	DTX1	LFNG	HEYL	NOTCH3	ST3GAL6	CUL1	ARRB1	PSEN2	HES1	RBX1	SKP1	FZD5	KAT2A	PRKCA	FZD7	DLL1	NOTCH2	PSENEN	FZD1	NOTCH1	FBXW11	WNT5A	WNT2	MAML2
HALLMARK_ADIPOGENESIS	ACADL	MAP4K3	COX6A1	ADIPOR2	COX8A	ADIPOQ	CAT	ABCB8	YWHAG	CRAT	CD36	LPL	SOD1	LTC4S	NDUFAB1	PTGER3	HADH	OBFC2A	ACLY	MGST3	ADIG	COX7B	PPARG	ATP5O	UBQLN1	AK2	COL15A1	ENPP2	CDKN2C	SDHC	RETSAT	ATL2	UQCR10	TALDO1	NMT1	DGAT1	TST	DECR1	IDH3A	RTN3	UBC	FAH	PHLDB1	IDH3G	ATP1B3	GRPEL1	NDUFA5	PFKL	G3BP2	NDUFS3	UQCRQ	DLD	UQCRC1	MTCH2	CD151	ACADS	ESRRA	TKT	RIOK3	ORM1	ARL4A	ITGA7	ALDH2	CMPK1	DHRS7B	LEP	QDPR	HIBCH	FZD4	RNF11	ANGPT1	CS	VEGFB	AIFM1	SLC25A10	BCKDHA	ETFB	CMBL	GADD45A	GPHN	DNAJC15	COL4A1	JAGN1	LAMA4	PIM3	FABP4	UCP2	MGLL	REEP6	CD302	DRAM2	LIPE	ANKRD57	RAB34	SUCLG1	SPARCL1	MRAP	PREB	CCNG2	SQRDL	REEP5	BAZ2A	CPT2	MRPL15	ADCY6	SSPN	SCP2	DDT	FAM82A2	GHITM	COQ3	NKIRAS1	AGPAT3	COQ5	ACADM	APOE	CHUK	STOM	PEX14	CIDEA	STAT5A	GPX3	GPD2	CHCHD10	FAM73B	ANGPTL4	SAMM50	OMD	TOB1	PQLC3	SORBS1	SLC27A1	DBT	LIFR	POR	ARAF	DHCR7	PDCD4	EPHX2	SLC19A1	SDHB	DLAT	ABCA1	ACAA2	PHYH	UQCR11	IMMT	RREB1	BCL6	ITSN1	MDH2	DHRS7	SLC25A1	MCCC1	ALDOA	NDUFB7	DNAJB9	APLP2	BCL2L13	ELMOD3	HSPB8	MOSC2	COQ9	SLC1A5	IFNGR1	ACO2	ECHS1	SNCG	PPP1R15B	IDH1	UCK1	PTCD3	PEMT	CYP4B1	ME1	TANK	SCARB1	RETN	CYC1	PPM1B	ESYT1	ITIH5	GPX4	ECH1	PGM1	C3	ELOVL6	PRDX3	AGPAT6	MYLK	ACOX1	PTRF	SDPR	GBE1	SULT1A1	GPAM	SLC5A6	PLIN2	PFKFB3	LPCAT3
HALLMARK_ESTROGEN_RESPONSE_EARLY	CCND1	KCNK5	GLA	KRT18	TTC39A	PEX11A	WFS1	PDZK1	CD44	TGIF2	INHBB	KDM4B	SLC1A4	KLF4	DYNLT3	SLC24A3	SYBU	FASN	DEPTOR	ELOVL2	ELF3	RAB17	SLC22A5	DLC1	ENDOD1	INPP5F	CISH	SFN	CELSR1	RHOD	PGR	CHPT1	NBL1	SLC37A1	CLDN7	ESRP2	FDFT1	TFAP2C	NAV2	IGFBP4	AREG	TFF1	SLC26A2	EGR3	FAM63A	SLC39A6	NXT1	TBC1D30	MSMB	MED24	RPS6KA2	SOX3	LAD1	CBFA2T3	IL6ST	SIAH2	PPIF	RARA	AR	STC2	UNC119	NPY1R	MICB	KAZN	P2RY2	SVIL	RAPGEFL1	PODXL	ELF1	HES1	RBBP8	SH3BP5	KRT15	FAM134B	DHRS2	ELOVL5	SLC27A2	WWC1	FOXC1	REEP1	SLC7A5	CXCL12	MYBBP1A	ZNF185	MAST4	CA12	SLC1A1	FKBP5	SEC14L2	WISP2	OPN3	BCL11B	TSKU	SCNN1A	BAG1	SNX24	ITPK1	KLF10	SLC9A3R1	TIPARP	BCL2	ABHD2	FHL2	SEMA3B	PAPSS2	OVOL2	MED13L	SLC2A1	TFF3	SLC16A1	B4GALT1	MLPH	AFF1	ADCY1	FARP1	SYNGR1	FAIM3	IL17RB	GJA1	RRP12	KRT19	CYP26B1	OLFM1	ARL3	LRIG1	TPBG	ASB13	TMEM164	AQP3	TUBB2B	MYBL1	KRT13	UGCG	JAK2	TOB1	PLA2G16	TPD52L1	PTGES	ANXA9	NADSYN1	RET	DHCR7	ABLIM1	HR	FKBP4	ABAT	KLK10	MPPED2	TJP3	BHLHE40	MUC1	KRT8	MYC	MREG	ADCY9	XBP1	ADD3	SULT2B1	MYOF	THSD4	HSPB8	PRSS23	PMAIP1	ABCA3	CELSR2	CALCR	FAM102A	GAB2	MAPT	PDLIM3	OLFML3	FLNB	SLC19A2	NCOR2	ISG20L2	DHRS3	CALB2	CLIC3	SCARB1	AKAP1	KCNK15	IGF1R	ALDH3B1	MYB	TIAM1	GREB1	SYT12	SLC7A2	NRIP1	FRK	FOS	GFRA1	BLVRB	TGM2	RASGRP1	TMPRSS3	CANT1	AMFR	RHOBTB3	RAB31
HALLMARK_ESTROGEN_RESPONSE_LATE	DNAJC12	CCND1	KCNK5	GLA	WFS1	PDZK1	CD44	MDK	SLC1A4	PTGER3	KLF4	DLG5	SLC24A3	SGK1	DYNLT3	SNX10	FABP5	BATF	SERPINA5	SLC22A5	CISH	SFN	PGR	CHPT1	NBL1	FDFT1	MOCS2	TFAP2C	TST	PRKAR2B	ASCL1	LLGL2	LAMC2	TRIM29	IGFBP4	FGFR3	AREG	TFF1	SLC26A2	CACNA2D2	EGR3	NXT1	PRLR	RPS6KA2	SOX3	GPER	ST14	IL6ST	SIAH2	STIL	PPIF	NPY1R	MICB	RAPGEFL1	CDC20	ASS1	ALDH3A2	RBBP8	PKP3	CPE	DHRS2	ELOVL5	SLC27A2	ETFB	FOXC1	CA2	SLC7A5	CXCL12	IDH2	COX6C	CA12	SORD	DUSP2	NMU	PTPN6	UNC13B	SERPINA1	FKBP5	CXCL14	ACOX2	JAK1	CD9	WISP2	OPN3	SCNN1A	BAG1	XRCC3	ITPK1	SLC9A3R1	DNAJC1	BCL2	ABHD2	KIF20A	MAPK13	TH	SEMA3B	PAPSS2	OVOL2	TFF3	SLC16A1	TPSAB1	AFF1	NAB2	CDH1	FARP1	CDC6	IL17RB	CAV1	KRT19	CYP26B1	OLFM1	ARL3	CKB	PLAC1	TPBG	RABEP1	GJB3	PCP4	HPRT1	KRT13	TSTA3	SCUBE2	TOB1	ID2	DCXR	HMGCS2	JAK2	RNASEH2A	PLA2G16	PLK4	TPD52L1	ISG20	GALE	PTGES	ANXA9	RET	DHCR7	PDCD4	ZFP36	HR	GINS2	FKBP4	LARGE	CYP4F11	CHST8	KLK10	PERP	EMP2	TJP3	IMPA2	LSR	GAL	PLXNB1	HOMER2	XBP1	ADD3	TOP2A	METTL3	SULT2B1	MYOF	SLC29A1	TFPI2	HSPB8	UGDH	PRSS23	CELSR2	ABCA3	TNNC1	CALCR	ATP2B4	FAM102A	BTG3	MAPT	PDLIM3	IGSF1	FLNB	NCOR2	SERPINA3	CCNA1	CLIC3	HSPA4L	SCARB1	ST6GALNAC2	ALDH3B1	MYB	TIAM1	S100A9	MEST	AGR2	SLC2A8	NRIP1	FRK	FOS	TSPAN13	BLVRB	KLK11	TMPRSS3	LTF	AMFR	RAB31
HALLMARK_ANDROGEN_RESPONSE	UBE2I	CCND1	DHCR24	ELL2	SRF	MAF	STK39	INSIG1	SGK1	CENPN	ZMIZ1	ANKH	GUCY1A3	SRP19	GSR	MYL12A	PIAS1	ELK4	AKAP12	UAP1	SEPP1	CCND3	SAT1	NDRG1	TPD52	ALDH1A3	NGLY1	SLC26A2	LMAN1	UBE2J1	CDK6	TMPRSS2	APPBP2	HMGCS1	CDC14B	BMPR1B	SPCS3	ADAMTS1	ACTN1	IQGAP2	DBI	SMS	ABCC4	ARID5B	HERC3	ELOVL5	HPGD	XRCC5	PMEPA1	SORD	AZGP1	FKBP5	MERTK	IDI1	PGM3	PDLIM5	ABHD2	FADS1	AKT1	HMGCR	KLK3	HSD17B14	ZBTB10	NKX3-1	B4GALT1	CAMKK2	NCOA4	INPP4B	RRP12	KRT19	H1F0	PPAP2A	ADRM1	LIFR	SEC24D	PTPN21	ACSL3	VAPA	KRT8	HOMER2	DNAJB9	SPDEF	B2M	TARP	TNFAIP8	GNAI3	RPS6KA3	TMEM50A	TSC22D1	RAB4A	PTK2B	MAP7	KLK2	PA2G4	GPD1L	MAK	ITGAV	SLC38A2	STEAP4	XRCC6	SCD
HALLMARK_MYOGENESIS	MYL6B	HSPB2	SORBS3	PTGIS	EFS	ACTC1	AGRN	SPARC	BDKRB2	CRAT	CD36	SCHIP1	MYL3	COL6A2	ANKRD2	CDH13	SIRT2	SLC6A8	EIF4A2	DES	SPHK1	PDE4DIP	SMTN	KCNH1	MYH2	COX7A1	MYL2	NOS1	TCAP	ACTA1	COL15A1	MYOZ1	SH2B1	AGL	COX6A2	MYO1C	GADD45B	PPFIA4	SGCA	IGFBP7	CASQ2	TSC2	FHL1	TNNT3	TNNI2	PRNP	NAV2	TPM3	MAPRE3	ACSL1	CLU	MYL1	VIPR1	TEAD4	COL4A2	CAMK2B	TNNC2	ST5	CKM	MYH4	MRAS	ADAM12	MYH7	CKMT2	PICK1	NCAM1	COL3A1	CDKN1A	STC2	PGAM2	FLII	PTP4A3	TNNT2	SVIL	PFKM	ITGA7	KIFC3	CNN3	MYBPH	PSEN2	SPTAN1	HDAC5	PVALB	ATP2A1	MYH1	MYOM1	MYF6	REEP1	GAA	CAV3	EPHB3	FDPS	MEF2C	RIT1	MEF2A	FGF2	ENO3	BAG1	MYOM2	ITGB4	IGF1	MYH11	SLN	SSPN	ITGB5	APLNR	CACNG1	GABARAPL2	SGCD	ERBB3	PKIA	APP	MYOG	MYH8	SYNGR2	CHRNG	PC	CKB	RB1	GPX3	CACNA1H	ACHE	ITGB1	COL6A3	NQO1	DTNA	SORBS1	LPIN1	GJA5	MYBPC3	SOD3	TPD52L1	TNNT1	FOXO4	MB	DMPK	MYH3	ACTN2	NOTCH1	ABLIM1	FST	LARGE	IFRD1	AEBP1	SPEG	CHRNA1	BHLHE40	CRYAB	CTF1	CFD	FABP3	ADCY9	MYLPF	DMD	OCEL1	FXYD1	APOD	SGCG	TNNI1	TPM2	RYR1	MAPK12	SPDEF	MYL4	MEF2D	ATP6AP1	HSPB8	MYL7	WWTR1	GSN	HBEGF	TNNC1	AK1	FKBP1B	IGFBP3	TGFB1	KLF5	MYH9	PLXNB2	LAMA2	DAPK2	BIN1	CASQ1	PPP1R3C	SH3BGR	LDB3	ACTN3	CHRNB1	PDLIM7	HRC	PYGM	MYLK	KCNH2	GNAO1	LSP1	AKT2	COL1A1	TAGLN	CSRP3	SCD
HALLMARK_PROTEIN_SECRETION	LAMP2	NAPA	GLA	M6PR	SEC22B	KRT18	ARCN1	SOD1	ZW10	ATP7A	AP2S1	STX12	TSG101	VAMP3	RAB2A	CLTC	DOPEY1	TPD52	RAB9A	AP3B1	LMAN1	PAM	SCRN1	COG2	CTSC	SEC31A	ARFIP1	EGFR	MAPK1	MON2	CD63	RAB22A	TSPAN8	PPT1	BNIP3	STX7	COPB2	GOSR2	ADAM10	AP1G1	SCAMP1	GOLGA4	IGF2R	USO1	RAB14	SGMS1	AP2B1	VPS4B	SH3GL2	SNAP23	ATP1A1	DST	ARFGAP3	STX16	ARFGEF2	SSPN	ICA1	GALC	GNAS	TMED2	ANP32E	ARF1	COPE	RER1	ATP6V1B1	SCAMP3	VPS45	CLCN3	ERGIC3	BET1	TOM1L1	SEC24D	DNM1L	TMED10	KIF1B	ABCA1	AP2M1	RPS6KA3	VAMP4	ATP6V1H	ARFGEF1	TMX1	RAB5A	GBF1	COPB1	CLN5	NAPG	YKT6	AP3S1	CLTA	CAV2	SNX2	OCRL	YIPF6	VAMP7	STAM
HALLMARK_INTERFERON_ALPHA_RESPONSE	CCRL2	EPSTI1	IL7	PSMA3	TRIM21	CASP1	RSAD2	TAP1	IL15	PARP14	PNPT1	UBA7	PROCR	MX1	PLSCR1	TRIM26	SAMD9	IFIT3	PSME2	CMPK2	ISG15	IRF9	PARP12	GBP2	IFIH1	PRIC285	TXNIP	CXCL11	LAMP3	RTP4	OGFR	CNP	BST2	TRIM5	ELF1	IFI27	CXCL10	IFI44L	TRIM25	NMI	IFI30	SAMD9L	EIF2AK2	HERC6	PSMB9	PSME1	WARS	CASP8	UBE2L6	LGALS3BP	IRF7	LPAR6	CSF1	TDRD7	DDX60	IFI35	LY6E	SLC25A28	IFIT2	IFI44	HLA-C	TMEM140	RNF31	OASL	TRAFD1	LAP3	IFITM1	C1S	PSMB8	USP18	SELL	ISG20	IRF1	FAM125A	IL4R	GMPR	TRIM14	MOV10	SP110	B2M	NUB1	DHX58	IRF2	STAT2	RIPK2	CD47	IFITM3	PARP9	NCOA7	CD74	FAM46A	ADAR	OAS1	FTSJD2	GBP4	BATF2	IFITM2
HALLMARK_INTERFERON_GAMMA_RESPONSE	PTPN1	ITGB7	SPPL2A	TNFAIP2	DDX58	RIPK1	EPSTI1	TNFSF10	IL7	STAT4	IL6	PSMA3	TRIM21	CASP1	SERPING1	HLA-DQA1	RSAD2	TAP1	IL15	PARP14	CFB	PNPT1	ZBP1	CCL5	IRF8	SLAMF7	PSMB2	PLSCR1	TRIM26	MX1	HLA-DRB1	GBP6	MX2	AUTS2	LCP2	SECTM1	IFIT3	PSME2	LATS2	CD86	LYSMD2	HLA-B	HIF1A	CMPK2	TAPBP	PELI1	PNP	ISG15	CD69	IRF9	PARP12	IFIH1	PRIC285	TXNIP	NCOA3	IRF5	CXCL11	CCL7	FGL2	KLRK1	ZNFX1	PTPN2	RTP4	SOD2	XAF1	CD274	CDKN1A	OGFR	BST2	ARL4A	PLA2G4A	NLRC5	IFI27	CXCL10	ARID5B	IFI44L	GPR18	TRIM25	IFNAR2	APOL6	NMI	FAS	IFI30	NFKB1	PFKP	SAMD9L	EIF2AK2	RBCK1	HERC6	MYD88	CASP7	SOCS1	PSMB9	BTG1	STAT1	PTPN6	ICAM1	PSME1	HLA-DMA	MTHFD2	TOR1B	UPP1	WARS	CASP8	UBE2L6	NUP93	CMKLR1	IRF7	LGALS3BP	CXCL9	FCGR1A	P2RY14	VAMP8	TDRD7	SSPN	DDX60	IFI35	LY6E	SLC25A28	MARCH1	ST3GAL5	IFIT2	METTL7B	ISOC1	IFI44	PSMA2	SELP	RNF31	IL10RA	OASL	IL2RB	TRAFD1	CCL2	LAP3	JAK2	C1S	PSMB8	USP18	VAMP5	ISG20	IRF1	MT2A	PTGS2	IL4R	ST8SIA4	PSMB10	BPGM	EIF4E3	SAMHD1	TRIM14	OAS2	OAS3	C1R	GZMA	HLA-G	SP110	CFH	B2M	VCAM1	STAT3	CIITA	PIM1	IFIT1	CASP4	DHX58	IRF4	IRF2	STAT2	PDE4B	FPR1	RIPK2	RAPGEF6	IFITM3	CSF2RB	NFKBIA	HLA-A	CD74	RNF213	XCL1	CASP3	CD38	MVP	SRI	CD40	NAMPT	TNFAIP3	ADAR	BANK1	IDO1	FTSJD2	GBP4	BATF2	IL15RA	IL18BP	GCH1	NOD1	PML	TNFAIP6	IFITM2	SOCS3
HALLMARK_APICAL_JUNCTION	MAPK14	CD209	ICAM4	SORBS3	NRTN	ADAMTS5	ACTC1	CDH3	THBS3	ARHGEF6	ADAM9	CRAT	INSIG1	MPP5	NRAP	PARVA	FBN1	TRAF1	MDK	CLDN5	HADH	LAYN	CDH8	FYB	CD276	JAM3	PKD1	ICAM5	ACTA1	TSC1	CADM2	VCL	TNFRSF11B	COL17A1	DHX16	CX3CL1	MPZL1	MMP2	VWF	CD99	PDZD3	CLDN7	MMP9	BMP1	SGCE	ATP1A3	CD86	LAMC2	PCDH1	GNAI2	ACTN4	LIMA1	CNTN1	CADM3	EPB41L2	RHOF	PVRL2	INPPL1	IRS1	ADAM23	EGFR	ACTB	ACTN1	CLDN9	ITGA10	PIK3CB	COL9A1	MSN	RSU1	CLDN8	CD274	TGFBI	CLDN19	MYL12B	GNAI1	CDH11	MPZL2	NEGR1	CTNND1	DSC1	CDH15	ITGA3	CTNNA1	RAC2	CLDN6	PVRL3	SLC30A3	LAMB3	HRAS	NLGN3	RASA1	PECAM1	AMIGO2	ZAK	ADRA1B	AMH	CAP1	ICAM1	ALOX15B	ACTG2	PLCG1	CDH4	SKAP2	SIRPA	FSCN1	CLDN18	TUBG1	PFN1	VASP	ITGB4	ZYX	CERCAM	PVRL1	ARPC2	CLDN4	CD34	MAPK13	MAPK11	GRB7	SLIT2	CLDN15	SRC	AKT3	B4GALT1	IKBKG	CDH1	FLNC	TJP1	DMP1	PTPRC	PVRL4	PTEN	SYK	SHROOM2	CLDN11	PBX2	ITGB1	YWHAH	EXOC4	CDK8	NF2	NEXN	CNN2	EVL	MVD	GAMT	ACTN2	MADCAM1	ADAM15	MYH10	SPEG	MYL9	LAMA3	NF1	WASL	PARD6G	VAV2	LDLRAP1	KRT31	TSPAN4	TRO	VCAM1	ACTG1	SHC1	WNK4	THY1	GTF2F1	MYH9	SDC3	BAIAP2	DLG1	DSC3	PPP2R2C	RRAS	TMEM8B	CALB2	TAOK2	ICAM2	ACTN3	CDH6	CLDN14	CRB3	PIK3R3	NLGN2	ITGA9	STX4	MAP4K2	CDSN	TIAL1	JUP	KCNH2	ITGA2	SYMPK	NFASC	AMIGO1	AKT2	PTK2	NRXN2	COL16A1	VCAN
HALLMARK_APICAL_SURFACE	BRCA1	AIM1	MDGA1	EPHB4	RTN4RL1	ADIPOR2	SLC22A12	CROCC	RHCG	THY1	ATP8B1	B4GALT1	APP	FLOT2	HSPB1	SLC2A4	SRPX	ADAM10	GHRL	TMEM8B	DCBLD2	IL2RB	SHROOM2	CX3CL1	PKHD1	PLAUR	CD160	NTNG1	GAS1	GATA3	SULF2	SCUBE1	IL2RG	LYN	EFNA5	LYPD3	GSTM3	MAL	AKAP7	SLC34A3	ATP6V0A4	AFAP1L2	NCOA6	PCSK9
HALLMARK_HEDGEHOG_SIGNALING	GLI1	NRP2	NF1	SHH	CDK5R1	DPYSL2	TLE3	OPHN1	L1CAM	GPR56	SLIT1	THY1	TLE1	CNTFR	AMOT	PTCH1	MYH9	PLG	LDB1	ETS2	ACHE	CELSR1	NKX6-1	RASA1	HEY2	NRP1	SCG2	HEY1	VEGFA	NRCAM	RTN1	PML	CDK6	VLDLR	CRMP1	UNC5C
HALLMARK_COMPLEMENT	LAMP2	PGCP	CALM1	MMP8	CTSB	SERPINC1	LIPA	MAFF	ADAM9	CD36	IL6	CASP1	SERPING1	CBLB	LRP1	KYNU	CASP5	CDH13	HNF4A	CASP9	CFB	GZMB	APOBEC3F	MMP12	BRPF3	MMP15	OLR1	CCL5	SIRT6	MT3	ANXA5	LGMN	PLSCR1	GNB2	SERPINB2	S100A12	SEPX1	LCP2	CD59	CLU	ATOX1	RAF1	USP8	COL4A2	GNAI2	KIF2A	CP	F5	DUSP5	WAS	USP14	RCE1	FDX1	FYN	F3	CTSL1	CR1	CTSC	PHEX	USP15	MMP13	DPP4	ITGAM	PRCP	APOC1	PREP	CTSO	PLA2G4A	KLKB1	APOA4	TMPRSS6	FCN1	SH2B3	CTSL2	CEBPB	C4BPB	DOCK10	C1QA	C2	CA2	CASP7	PSMB9	ANG	PPP2CB	C9	PPP4C	F2	HSPA1A	SERPINA1	ADRA2B	GNB4	PFN1	IRF7	CD46	PRSS36	KCNIP3	CD55	RNF4	AKAP10	ZFPM2	PRSS3	PIK3CG	C1QC	PLEK	PDP1	LCK	S100A13	SRC	ZEB1	GZMK	RHOG	GRB2	DYRK2	GCA	PLG	GMFB	CASP10	GPD2	DOCK9	CDA	SPOCK2	LAP3	RABIF	PLAUR	JAK2	C1S	ITIH1	IRF1	PLA2G7	PLAT	ACTN2	SERPINE1	TIMP1	F7	PRDM4	PCLO	PDGFB	C1R	CXCL1	FN1	PCSK9	USP16	GZMA	CDK5R1	KCNIP2	TIMP2	CR2	PIK3R5	CFH	GNG2	DGKG	NOTCH4	ZFYVE20	TFPI2	GNAI3	PIM1	CASP4	LGALS3	SCG3	IRF2	DGKH	XPNPEP1	APOBEC3G	CPM	HPCAL4	CTSS	CTSD	ME1	VCPIP1	CTSH	KLK1	FCER1G	HSPA5	CALM3	GATA3	DUSP6	S100A9	C3	CASP3	LYN	STX4	GP1BA	F10	TNFAIP3	MMP14	PSEN1	CD40LG	LTA4H	L3MBTL4	RASGRP1	ERAP2	DOCK4	EHD1	GP9	LTF	CSRP1	PIK3CA	F8	GNGT2	PRKCD
HALLMARK_UNFOLDED_PROTEIN_RESPONSE	DCTN1	ERN1	EXOSC2	WFS1	SSR1	SLC1A4	OBFC2A	EIF4A2	DCP2	DKC1	ALDH18A1	EDEM1	KIF5B	CNOT6	TATDN2	NOP56	PDIA6	BAG3	SKIV2L2	SRPRB	ATF6	ATF4	SERP1	NHP2	ATF3	NFYA	HERPUD1	PARN	RPS14	SEC31A	SPCS3	EXOSC10	EIF4A1	STC2	EXOC2	EIF4G1	ERO1L	ASNS	WIPI1	GOSR2	CEBPB	DNAJC3	NOP14	SLC7A5	HSPA9	PSAT1	POP4	EDC4	MTHFD2	TUBB2A	TARS	PREB	GEMIN4	YWHAZ	EXOSC4	YIF1A	EIF4A3	LSM1	KHSRP	NFYB	EIF2S1	EXOSC1	DDX10	SPCS1	FUS	CXXC1	HYOU1	DNAJA4	CNOT4	EIF4E	BANF1	SEC11A	SDAD1	CCL2	XPOT	TSPYL2	EIF4EBP1	VEGFA	NOLC1	TTC37	CKS1B	RRP9	IARS	IMP3	EIF2AK3	HSP90B1	DDIT4	CALR	XBP1	EXOSC5	DNAJB9	PAIP1	SHC1	CNOT2	EXOSC9	ATP6V0D1	ZBTB17	DCP1A	KDELR3	SRPR	HSPA5	ARFGAP1	H2AFX	CEBPG	CHAC1	NPM1	IGFBP1	SLC30A5	EEF2	PDIA5	LSM4	FKBP14	IFIT1
HALLMARK_PI3K_AKT_MTOR_SIGNALING	PIKFYVE	RIPK1	GNA14	TBK1	DUSP3	ACACA	PTPN11	SFN	CFL1	NCK1	FGF6	AKT1S1	CLTC	IL2RG	YWHAB	TSC2	CDK2	ITPR2	RAF1	MAPKAP1	PPP2R1B	MAPK9	MAPK10	PAK4	PLCB1	SLA	GSK3B	EGFR	MAPK1	CDKN1A	VAV3	ADRBK1	MKNK2	FGF22	NFKBIB	TRAF2	PRKAA2	HRAS	MYD88	GNGT1	PITX2	PLCG1	CSNK2B	PIN1	PRKAR2A	RIT1	ACTR2	THEM4	PRKAG1	PFN1	CAMK4	DAPP1	LCK	PDK1	SQSTM1	NGF	TNFRSF1A	AKT1	SMAD2	RPS6KA1	TRIB3	SLC2A1	CXCR4	MAP2K6	ARF1	MAP2K3	GRB2	IRAK4	RPTOR	FGF17	PTEN	EIF4E	CDK4	ACTR3	MKNK1	CDK1	ADCY2	ECSIT	AP2M1	E2F1	HSP90B1	CALR	PLA2G12A	IL4	UBE2D3	PPP1CA	RPS6KA3	MAPK8	STAT2	UBE2N	MAP3K7	CDKN1B	TIAM1	ATF1	PIK3R3	PRKCB	CAB39L	RAC1	FASLG	ARHGDIA	DDIT3	RALB	NOD1	ARPC3	CAB39
HALLMARK_MTORC1_SIGNALING	DHCR24	CDC25A	ADIPOR2	GLA	M6PR	TUBA4A	SSR1	PSMA3	INSIG1	TM7SF2	ATP6V1D	PGK1	SLC1A4	MTHFD2L	CCNF	TBK1	ACLY	ACACA	TCEA1	EDEM1	MLLT11	SYTL2	GSR	LGMN	RAB1A	HMBS	GPI	HSPE1	RPN1	ATP2A2	NMT1	CCNG1	G6PD	PSMG1	TPI1	AK4	PNP	RDH11	PSMD14	SERP1	PITPNB	PFKL	PLK1	PRDX1	PPIA	HMGCS1	FGL2	IGFBP5	UFM1	CFP	P4HA1	SLA	CTSC	GSK3B	SRD5A1	CDKN1A	NUP205	PNO1	GCLC	PLOD2	DHFR	BUB1	ERO1L	EGLN3	ASNS	QDPR	PSME3	RPA1	ELOVL5	IFI30	NFKBIB	SLC7A5	CYP51A1	USO1	GOT1	SORD	PSMC6	HSPA9	PSAT1	UNG	SKAP2	MTHFD2	EPRS	WARS	EIF2S2	TUBG1	RIT1	AURKA	CD9	ACTR2	ITGB2	SQLE	SHMT2	STIP1	EBP	TFRC	TMEM97	IDI1	SLC9A3R1	NUFIP1	GTF2H1	DAPP1	PDK1	SQSTM1	NUPR1	FADS1	CYB5B	HMGCR	HK2	SLC6A6	TRIB3	SLC2A1	CXCR4	SLC2A3	PPP1R15A	DDX39A	ARPC5L	MAP2K3	EEF1E1	SLC37A4	FADS2	BTG2	RRM2	MCM2	SEC11A	GGA2	UCHL5	PSPH	ATP5G1	HPRT1	GAPDH	FDXR	PSMC2	GLRX	PPA1	PHGDH	PSMD13	POLR3G	SERPINH1	CANX	FKBP2	ABCF2	ACSL3	CACYBP	DHCR7	ACTR3	HSPD1	HSPA4	IFRD1	MCM4	IMMT	RRP9	PSMD12	SC5DL	BHLHE40	VLDLR	HSP90B1	DDIT4	STARD4	CALR	TES	XBP1	ADD3	ALDOA	UBE2D3	FAM129A	LDHA	BCAT1	SLC1A5	PSMA4	TOMM40	PSMC4	STC1	IDH1	COPS5	ME1	SLC7A11	PDAP1	CORO1A	HSPA5	LDLR	PGM1	PIK3R3	ELOVL6	CTH	PSMB5	NAMPT	YKT6	NFYC	GBE1	CCT6A	ETF1	GMPS	DDIT3	LTA4H	SDF2L1	NFIL3	TXNRD1	SCD	ENO1
HALLMARK_E2F_TARGETS	CTCF	CDC25A	LMNB1	PMS2	SUV39H1	NASP	PPP1R8	E2F8	RAD50	SHMT1	TACC3	SRSF2	DIAPH3	PPM1D	ZW10	LIG1	LYAR	POLE4	AK2	IPO7	CDKN2C	NUDT21	XPO1	CDKN3	MMS22L	MLH1	UBR7	CCNE1	KPNA2	CBX5	NOP56	LUC7L3	KIF18B	PRKDC	PAN2	EED	RANBP1	MELK	POP7	CDC25B	STAG1	RFC1	TMPO	TCF19	PLK1	PSMC3IP	CENPM	BRCA1	SLBP	BARD1	SMC6	BUB1B	NUP107	TIMELESS	SPC24	BIRC5	CDKN1A	NUP205	SPC25	TP53	CDC20	MSH2	HUS1	PNN	HMGB3	MCM6	STMN1	CDCA8	PRPS1	RAN	RPA1	CCP110	HMGB2	ATAD2	POLD1	NCAPD2	DEPDC1	PHF5A	BRMS1L	PSIP1	ESPL1	MRE11A	TK1	UNG	MTHFD2	DCLRE1B	TUBG1	HNRNPD	AURKA	RACGAP1	HELLS	POLD3	CCNB2	DEK	PRIM2	POLD2	TFRC	ILF3	DNMT1	RQCD1	KIF4A	DUT	PDS5B	CDKN2A	ANP32E	EIF2S1	SSRP1	MYBL2	NUP153	RAD51C	CTPS	MCM3	USP1	NBN	RFC2	DDX39A	SMC4	NME1	ING3	UBE2S	MXD3	KIF2C	DLGAP5	SMC3	RRM2	RAD21	MCM2	CDCA3	TBRG4	MKI67	BRCA2	HMGA1	UBE2T	CDK4	TIPIN	RFC3	DCK	RNASEH2A	PLK4	EZH2	DCTPP1	SRSF1	RPA2	NOLC1	MCM4	CDK1	HMMR	CKS1B	AURKB	MCM7	NAP1L1	CENPE	CHEK2	MYC	CKS2	TOP2A	PAICS	NAA38	CHEK1	TUBB	DSCC1	SPAG5	SNRPB	PCNA	PRDX4	KIF22	TRA2B	LBR	RAD51AP1	ASF1A	EXOSC8	TRIP13	GSPT1	HN1	POLE	ASF1B	RBBP7	H2AFX	CDKN1B	POLA2	PTTG1	DONSON	WDR90	MCM5	PA2G4	CIT	H2AFZ	CSE1L	RAD1	GINS4	GINS1	WEE1	MAD2L1	RPA3	SYNCRIP	ORC2	ORC6	SMC1A	XRCC6	GINS3
HALLMARK_MYC_TARGETS_V1	SLC25A3	TFDP1	SNRPG	SET	CNBP	SRSF2	HNRNPC	PGK1	NDUFAB1	PWP1	RPS6	CCT3	TARDBP	SRSF3	PSMA7	RPS5	PSMB2	UBE2L3	XPO1	NOP16	CCT4	TUFM	LSM7	GNL3	RAD23B	TRIM28	HSPE1	GNB2L1	HDDC2	RPL6	KPNA2	NOP56	LSM2	CDK2	VDAC1	UBE2E1	RANBP1	RFC4	BUB3	HNRNPA1	PSMD14	EIF3B	SRM	NCBP2	NCBP1	NHP2	HSP90AB1	PPIA	PSMD3	G3BP1	SF3A1	CBX3	PHB2	KARS	TOMM70A	SF3B3	TYMS	ACP1	EIF4A1	TCP1	GLO1	SNRPD3	PSMB3	SERBP1	RPL14	CDC20	PSMD8	ERH	MCM6	PABPC1	PRPS2	RAN	CAD	PCBP1	PSMA1	EIF1AX	PSMC6	KPNB1	DDX18	RPS10	EPRS	SNRPA	EIF2S2	HNRNPD	PSMA6	POLE3	DEK	POLD2	RPLP0	SMARCC1	APEX1	PRPF31	RPL18	SSB	RNPS1	ABCE1	STARD7	EIF3J	DUT	SNRPB2	DDX21	EIF2S1	CTPS	ILF2	USP1	U2AF1	PSMA2	PABPC4	RPS3	NME1	FAM120A	SSBP1	EIF4H	EIF4G2	EIF3D	MCM2	C1QBP	RSL1D1	EIF4E	MRPS18B	CSTF2	CDK4	HPRT1	CLNS1A	YWHAE	XPOT	GOT2	CANX	SNRPD2	RPS2	FBL	HNRNPR	SRSF1	HSPD1	NOLC1	IFRD1	MCM4	RPL34	RRP9	IARS	RUVBL2	PHB	COX5A	MCM7	NAP1L1	MYC	SNRPD1	HDAC2	CCT2	LDHA	EEF1B2	CCT7	UBA2	PCNA	TXNL4A	HDGF	HNRNPA3	PSMD7	SRSF7	PRDX4	ODC1	TRA2B	VDAC3	MRPL23	PTGES3	PSMA4	HNRNPA2B1	PSMC4	CUL1	CDC45	CCNA2	GSPT1	COPS5	HNRNPU	AIMP2	PPM1G	IMPDH2	YWHAQ	CYC1	SNRPA1	PRDX3	MRPL9	MCM5	RRM1	PA2G4	CCT5	AP3S1	DHX15	NPM1	PSMD1	ETF1	H2AFZ	EXOSC7	VBP1	RPL22	MAD2L1	SRPK1	SYNCRIP	ORC2	XRCC6
HALLMARK_MYC_TARGETS_V2	MYC	PLK1	TMEM97	WDR43	NOC4L	NIP7	WDR74	EXOSC5	CBX3	IMP4	GRWD1	HK2	SUPV3L1	MAP3K6	TCOF1	PPRC1	NDUFAF4	RRP12	PRMT3	PUS1	FARSA	SLC29A2	RCL1	TBRG4	PES1	UTP20	NOP16	TFB2M	AIMP2	CDK4	GNL3	HSPE1	LAS1L	BYSL	MPHOSPH10	MYBBP1A	NOP56	PLK4	SORD	MCM5	PA2G4	DUSP2	MRTO4	NPM1	NOP2	DDX18	DCTPP1	SLC19A1	UNG	HSPD1	NOLC1	IPO4	PPAN	MCM4	RRP9	PHB	SRM	RABEPK
HALLMARK_EPITHELIAL_MESENCHYMAL_TRANSITION	ABI3BP	CADM1	CALD1	COL11A1	SPARC	NT5E	COL5A1	CD44	PDLIM4	FBLN1	IL6	CYR61	CAPG	LRP1	THBS1	FBN1	COL6A2	VEGFC	NID2	IL15	CRLF1	PTHLH	SLC6A8	BDNF	NTM	FBLN5	TNFRSF11B	QSOX1	CTHRC1	FERMT2	MMP2	MGP	GADD45B	BMP1	GREM1	CD59	LAMC2	SAT1	IGFBP4	MFAP5	LRRC15	SDC4	AREG	LAMC1	COL4A2	THBS2	APLP1	MMP1	MXRA5	COPA	MAGEE1	SLIT3	ADAM12	PLOD3	COL5A2	PPIB	DCN	FBN2	COL3A1	PCOLCE	PDGFRB	TGFBI	GPC1	CDH11	PLOD2	TPM1	FSTL1	ANPEP	CDH2	BGN	MATN2	SFRP1	MATN3	PTX3	RHOB	FAS	LOXL1	GADD45A	CXCL12	COL4A1	PMEPA1	FOXC2	SCG2	ACTA2	EFEMP2	FGF2	IGFBP2	TGFBR3	MSX1	LOX	FMOD	DST	EDIL3	FSTL3	ITGB5	FZD8	FUCA1	JUN	COMP	ECM1	SLIT2	SGCD	FBLN2	IL8	SERPINE2	LUM	GJA1	COL5A3	MMP3	PFN2	COL12A1	GLIPR1	ITGA5	SDC1	LAMA1	COL1A2	COL8A2	ITGB1	COL6A3	PLAUR	GAS1	ID2	RGS4	TIMP3	TPM4	SERPINH1	PLOD1	VEGFA	SNTB1	FLNA	INHBA	SERPINE1	TIMP1	WNT5A	MYL9	CTGF	LAMA3	CAP2	GEM	MCM7	DPYSL3	CXCL1	FN1	DAB2	SFRP4	WIPF1	LGALS1	SGCG	TPM2	CALU	TFPI2	VCAM1	THY1	NNMT	COL7A1	IGFBP3	TGFB1	GLT25D1	SPP1	SPOCK1	PRRX1	LOXL2	FAP	OXTR	LAMA2	IL32	VIM	CDH6	NOTCH2	PCOLCE2	BASP1	MEST	LEPRE1	ITGB3	ENO2	PVR	MYLK	ECM2	TNFAIP3	TNFRSF12A	MMP14	ITGA2	HTRA1	ELN	TNC	TGM2	GPX7	CXCL6	POSTN	COL1A1	SNAI2	EMP3	ITGAV	COL16A1	PMP22	TAGLN	PRSS2	SGCB	DKK1	VCAN
HALLMARK_INFLAMMATORY_RESPONSE	FFAR2	PTGIR	ICAM4	STAB1	TLR1	CD14	MXD1	CCRL2	ADM	TNFSF10	BEST1	IL6	KCNA3	CD48	IL15	OSM	RELA	SPHK1	BDKRB1	TNFRSF9	OLR1	SEMA4D	CCL5	LIF	DCBLD2	SLC11A2	CX3CL1	RNF144B	IRAK2	IFNGR2	CCR7	SLC7A1	CCL20	ATP2A2	RGS1	LCP2	CSF3R	HAS2	ATP2B1	IL12B	HIF1A	AQP9	TAPBP	IL10	RAF1	TACR1	EMR1	CD69	P2RX4	CALCRL	CCL17	ACVR1B	F3	GABBR1	CXCL11	CCL7	LAMP3	KLF6	CCL22	CXCR6	RTP4	IL7R	EDN1	TNFSF15	CDKN1A	MET	BST2	P2RY2	LTA	ROS1	PTGER4	CD82	TNFSF9	OSMR	FZD5	CXCL10	P2RX7	PTGER2	CYBB	NMI	HPN	NFKB1	EIF2AK2	OPRK1	CLEC5A	SLC1A2	ICAM1	PTPRE	NOD2	IL1R1	CMKLR1	IL1B	IRF7	CD55	CXCL9	SLC31A1	CSF1	APLNR	SGMS2	LY6E	LCK	SLAMF1	ICOSLG	ATP2C1	IL8	CSF3	IL1A	TLR3	RHOG	BTG2	IL18RAP	ITGA5	IL10RA	NDP	TPBG	GPR132	KCNJ2	ADRM1	CCL2	TLR2	IL2RB	IFITM1	ITGB8	PLAUR	LPAR1	MEP1A	MEFV	RGS16	MARCO	SELL	SELE	C5AR1	IFNAR1	IRF1	PROK2	AHR	SLC28A2	SLC31A2	INHBA	KIF1B	ABCA1	ABI1	SERPINE1	IL4R	NPFFR2	TIMP1	HRH1	GPC3	NMUR1	GNA15	MYC	PCDH7	EREG	CCL24	CD70	IL18	SCN1B	EBI3	PIK3R5	TNFRSF1B	GPR183	PDPN	HBEGF	ACVR2A	GNAI3	SLC4A4	SCARF1	ADORA2B	C3AR1	IL18R1	PDE4B	FPR1	RIPK2	AXL	SELS	NFKBIA	LDLR	NLRP3	LYN	SRI	ITGB3	GP1BA	PVR	NAMPT	CD40	SLC7A2	MMP14	MSR1	PTAFR	PSEN1	VIP	IL15RA	RASGRP1	CXCL6	GCH1	EMP3	TNFAIP6	TACR3	KCNMB2	CHST2
HALLMARK_XENOBIOTIC_METABOLISM	ARG2	HMOX1	VTN	CAT	CYP17A1	CYP2C18	CD36	ATOH8	FBLN1	CCL25	CYP2J2	KYNU	HNF4A	ADH5	CFB	SLC12A4	TPST1	ALDH9A1	ASL	TYR	LPIN2	PROS1	GSR	IRF8	GSTT2	ACSM1	SLC35D1	RETSAT	TAT	DAK	COMT	ACOX3	CSAD	NDRG2	HGFAC	NMT1	ATP2A2	ABHD6	FAH	PGRMC1	AHCY	IGFBP4	AQP9	LONP1	SERTAD1	G6PC	HSD17B2	KARS	CBR1	TMEM176B	ACP1	SLC6A12	PTGDS	ALDH2	GCLC	PGD	DDC	CROT	SLC46A3	GABARAPL1	CASP6	MAOA	SMOX	ETS2	ELOVL5	GNMT	FAS	SPINT2	ENTPD5	CA2	CYP27A1	BPHL	DHPS	NPC1	ACP2	UPP1	MBL2	EPHA2	ACOX2	IL1R1	AOX1	ITIH4	PYCR1	GSTO1	CYP1A2	IGF1	SHMT2	FMO1	TMEM97	PDLIM5	LCAT	HSD11B1	DDT	DDAH2	EPHX1	F11	PAPSS2	BCAR1	GCNT2	TNFRSF1A	TMBIM6	PDK4	SLC6A6	ESR1	CYP2E1	SAR1B	NINJ1	APOE	ETFDH	AKR1C3	FABP1	HES6	PC	PLG	PTGR1	CDO1	CYP4F2	CDA	HPRT1	NQO1	ID2	DCXR	CES1	TDO2	SLC35B1	GSTM4	ADH7	ARPP19	PTGES	ITIH1	POR	MT2A	CYB5A	NFS1	DHRS1	ADH1C	PINK1	SERPINE1	PSMB10	MPP2	GAD1	XDH	AP4B1	RBP4	MTHFD1	DHRS7	FBP1	SERPINA6	UPB1	TGFB2	ANGPTL3	GCKR	PPARD	CRP	ALDH3A1	CYP26A1	UGDH	BCAT1	FETUB	TTPA	SLC1A5	ABCC2	PTGES3	ACO2	GSS	MARCH6	SSR3	IDH1	AKR1C2	ALAS1	PEMT	MCCC2	HRG	ABCD2	CNDP2	SLC22A1	ARG1	CYP1A1	FMO3	MAN1A1	PTS	CYP2S1	ECH1	ENPEP	GART	CYFIP2	ACOX1	F10	REG1A	JUP	ABCC3	IGFBP1	RAP1GAP	BLVRB	GSTA3	LEAP2	HACL1	GCH1	VNN1	PMM1
HALLMARK_FATTY_ACID_METABOLISM	METAP1	ACADL	DHCR24	ADIPOR2	NSDHL	GRHPR	CRAT	CD36	ACSL5	LTC4S	HADH	GAD2	FASN	HSD17B11	ALDH9A1	SLC22A5	SDHC	RETSAT	AOC3	BCKDHB	CCDC58	ACSM3	DECR1	GPD1	ACSL1	IDH3G	ACAT2	RDH11	UROS	NTHL1	IDH3B	MDH1	HMGCS1	FABP2	PRDX6	ERP29	ACOT2	DLD	CBR1	CYP4A22	BMPR1B	ACADS	TP53INP2	SUCLG2	SMS	PCBD1	ALAD	PDHB	ALDH3A2	HSPH1	GABARAPL1	MAOA	INMT	HIBCH	PDHA1	GAPDHS	ELOVL5	ACSS1	HPGD	BPHL	CA2	PTPRG	CPT1A	MGLL	REEP6	GLUL	PSME1	MCEE	UBE2L6	HAO2	AQP7	SUCLG1	ACADVL	ENO3	S100A10	CEL	SERINC1	ECI2	XIST	CPT2	RAP1GDS1	APEX1	SDHD	CBR3	FMO1	IDI1	CPOX	PPARA	BLVRA	EPHX1	ACOT8	CD1D	AADAT	ACSL4	NBN	CRYZ	ETFDH	ACADM	EHHADH	FABP1	CIDEA	HSP90AA1	HSDL2	SETD8	DLST	GPD2	YWHAH	HMGCS2	TDO2	G0S2	GCDH	GSTZ1	ADH7	ACAA1	HSD17B7	ADH1C	OSTC	ACAA2	SDHA	FH	IL4I1	MDH2	CYP4A11	LGALS1	ALDOA	RDH16	HSD17B4	AUH	LDHA	ADSL	ALDH3A1	UGDH	ODC1	D2HGDH	ACO2	ECHS1	HCCS	IDH1	HMGCL	ALDH1A1	ECI1	MLYCD	ME1	MIF	SUCLA2	CYP1A1	PTS	ECH1	CA4	ENO2	ACOX1	H2AFZ	NCAPH2	HADHB	HSD17B10	UROD	VNN1	CA6
HALLMARK_OXIDATIVE_PHOSPHORYLATION	BRP44L	POLR2F	COX6A1	SLC25A3	COX7A2L	COX8A	RHOT1	NDUFB1	NDUFV1	COX5B	HTRA2	SUPV3L1	OPA1	COX11	ATP6V1D	NDUFA1	NDUFAB1	COX7A2	MGST3	NDUFA8	COX7B	COX17	TIMM9	MRPL11	ATP5I	MRPS15	ATP5O	LRPPRC	NDUFA7	ATP5D	SDHC	COX10	NDUFC1	TIMM10	ACADSB	RETSAT	GPI	COX6B1	ABCB7	ATP6V1E1	UQCR10	SURF1	TOMM22	COX7C	BDH2	DECR1	SLC25A12	IDH3A	MRPS12	VDAC1	TIMM17A	ACAT1	GLUD1	ETFA	NDUFA6	IDH3G	GRPEL1	MRPS30	NDUFB6	NDUFA5	IDH3B	FDX1	ATP5J2	MDH1	NDUFS3	UQCRQ	DLD	PHB2	UQCRC1	TOMM70A	LDHB	NNT	NQO2	FXN	NDUFC2	NDUFS6	OXA1L	PDHB	HADHA	ATP6V1F	MRPL34	SLC25A4	OAT	PMPCA	UQCRB	TIMM13	NDUFA9	PDHA1	UQCRFS1	CS	AIFM1	BCKDHA	ETFB	COX6C	IDH2	ATP5F1	CPT1A	MRPS22	CASP7	HSPA9	NDUFS1	PDHX	ATP6V1C1	MRPS11	SUCLG1	ACADVL	ATP1B1	ATP6V0B	MRPL15	UQCRH	SDHD	ATP5E	AFG3L2	ISCA1	PDP1	NDUFV2	RHOT2	NDUFA2	NDUFS4	UQCRC2	ATP6V0E1	PDK4	MAOB	ATP5C1	ETFDH	ACADM	ATP5A1	NDUFS2	NDUFA3	BAX	DLST	ATP5H	ATP5G1	NDUFS7	NDUFB3	ATP5L	GOT2	TCIRG1	ACAA1	POR	CYB5A	MFN2	SDHB	DLAT	ACAA2	PHYH	SDHA	UQCR11	FH	IMMT	COX4I1	SLC25A6	ATP5G2	COX5A	MTX2	ATP6V0C	ATP6V1G1	MDH2	TIMM8B	NDUFB8	NDUFB7	SLC25A20	LDHA	ATP6AP1	NDUFB2	VDAC2	MTRR	MRPL35	ATP5B	VDAC3	ACO2	ECHS1	CYCS	ATP6V1H	HCCS	SLC25A11	TIMM50	IDH1	NDUFS8	ALAS1	ECI1	ATP5J	OGDH	SUCLA2	MTRF1	CYC1	CYB5R3	COX15	GPX4	ECH1	NDUFB4	PRDX3	NDUFA4	ISCU	ATP5G3	SLC25A5	ALDH6A1	HADHB	NDUFB5	HSD17B10
HALLMARK_GLYCOLYSIS	SRD5A3	TXN	RRAGD	EXT2	NSDHL	AGRN	NT5E	COL5A1	GYS1	GAL3ST1	NASP	CD44	CHST12	SDC2	PYGB	SOD1	HAX1	PGK1	ZNF292	PFKFB1	TPST1	B3GAT1	ALDH9A1	ELF3	FUT8	ENO1	GFPT1	PDK3	AGL	SDHC	QSOX1	GALK2	GALK1	PPFIA4	PGLS	TALDO1	CHPF	NANP	B3GALT6	G6PD	ALG1	TPI1	AK4	AKR1A1	KIF2A	SLC25A13	PAM	ABCB6	IER3	GUSB	EXT1	SPAG4	GMPPB	MED24	NDUFV3	IRS2	MDH1	PPIA	SAP30	P4HA1	HS2ST1	COG2	DLD	EGFR	CLDN9	DCN	MIOX	PYGL	PGM2	STC2	PGAM2	MET	ANKZF1	TGFBI	GPC1	GPR87	GCLC	PLOD2	ERO1L	EGLN3	MXI1	COPB2	TGFA	CLDN3	STMN1	CASP6	ALDH7A1	BPNT1	PRPS1	ME2	GAPDHS	SLC25A10	RPE	PFKP	PGAM1	RBCK1	FBP2	GOT1	DEPDC1	ANG	PPP2CB	SLC16A3	XYLT2	LCT	AURKA	MERTK	ALDOB	GPC4	B3GNT3	PMM2	GNPDA1	B4GALT4	PAXIP1	PHKA2	GLCE	IL13RA1	KIF20A	GMPPA	HK2	TFF3	CXCR4	HOMER1	B4GALT1	PKP2	LHX9	SLC37A4	CLN6	MPI	PC	SDC1	TPBG	ARTN	CAPN5	CACNA1H	IDUA	HS6ST2	ANGPTL4	P4HA2	TSTA3	ECD	GLRX	GOT2	ISG20	ARPP19	GALE	PLOD1	SOX9	CYB5A	TKTL1	VEGFA	GNE	CHST6	PKM2	FKBP4	HMMR	CDK1	POLR3K	GPC3	VLDLR	FAM162A	MDH2	CHPF2	DDIT4	ALDOA	LDHA	DPYSL4	B3GAT3	B4GALT2	NDST3	UGP2	LHPP	CITED2	IGFBP3	ADORA2B	SLC35A3	PSMC4	STC1	SDC3	IDH1	AK3	CENPA	ME1	KDELR3	MIF	LDHC	EFNA3	HSPA5	GYS2	NOL3	CHST4	CTH	ENO2	B4GALT7	BIK	DSC2	CHST1	HDLBP	RARS	VCAN	CHST2
HALLMARK_REACTIVE_OXIGEN_SPECIES_PATHWAY	STK25	GCLM	TXN	PRDX1	PRDX6	CAT	ABCC1	SOD2	IPCEF1	SCAF4	SOD1	PRDX4	GCLC	CDKN2D	NDUFS2	MBP	OXSR1	HHEX	FES	GSR	GPX3	EGLN2	SELS	PDLIM1	TXNRD2	MPO	SBNO2	NQO1	MSRA	GPX4	GLRX2	PFKP	JUNB	GLRX	SRXN1	HBXIP	NDUFB4	G6PD	PRDX2	PRNP	NDUFA6	FTL	LSP1	ATOX1	HMOX2	MGST1	TXNRD1	PPP2R4	ERCC2
HALLMARK_P53_PATHWAY	RPS27L	RCHY1	MXD1	HMOX1	S100A4	BAK1	INHBB	POM121	ABHD4	CASP1	AEN	PPM1D	TAP1	CDH13	ERCC5	KLF4	SPHK1	VDR	APAF1	FGF13	HINT1	LIF	PROCR	IRAK1	SFN	PTPN14	SLC35D1	RETSAT	TCHH	POLH	MAPKAPK3	MXD4	ZNF365	GNB2L1	SEC61A1	CCNG1	RRP8	CCND3	SAT1	NDRG1	RALGDS	BLCAP	RAP2B	SERPINB5	CDKN2B	IER3	MDM2	CSRNP2	ATF3	GLS2	TXNIP	TRAF4	ACVR1B	DEF6	LDHB	IKBKAP	ST14	CDKN1A	KRT17	ANKRA2	CTSF	HIST1H1C	TP53	MKNK2	CD82	EPS8L2	TNFSF9	WRAP73	TGFA	TAX1BP3	GPX2	CCP110	FAS	TP63	IFI30	PRMT2	GADD45A	PLK2	HRAS	DDB2	HDAC3	SOCS1	BTG1	ALOX15B	PTPRE	TRIAP1	UPP1	EPHA2	GM2A	RNF19B	RPL36	EI24	S100A10	RHBDF2	ABCC5	H2AFJ	ITGB4	VAMP8	PHLDA3	RPL18	SESN1	FUCA1	CCND2	JUN	NUPR1	EPHX1	CDKN2A	BMP2	PLK3	TRIB3	ADCK3	RAD51C	STEAP3	NINJ1	PPP1R15A	APP	IL1A	IP6K2	BTG2	STOM	RB1	SDC1	IER5	BAX	TRAFD1	FDXR	PIDD	TOB1	RAD9A	NUDT15	DCXR	DGKA	ZFP36L1	RRAD	TSPYL2	RGS16	SLC3A2	TPD52L1	VWA5A	TM4SF1	KLK8	SERTAD3	DRAM1	CLCA2	OSGIN1	RAB40C	NOTCH1	ADA	FBXW7	CD81	ABAT	PERP	ZMAT3	CDKN2AIP	PRKAB1	F2R	FAM162A	NHLH2	PITPNC1	DDIT4	CDK5R1	RXRA	TNNI1	TPRKB	RPS12	JAG2	PCNA	ZBTB16	HBEGF	KIF13B	TSC22D1	AK1	TGFB1	HIST3H2A	XPC	BAIAP2	PLXNB2	WWP1	SLC19A2	CTSD	SP1	SLC7A11	PDGFA	HSPA4L	HEXIM1	TM7SF3	LRMP	ISCU	CYFIP2	CCNK	FOS	FOXO3	DDIT3	PVT1	CEBPA	CGRRF1	TCN2	PMM1	NOL8	DNTTIP2
HALLMARK_UV_RESPONSE_UP	CHRNA5	HMOX1	CHKA	CYB5R1	SHOX2	TUBA4A	BAK1	IL6	EIF2C2	TAP1	FOSB	SLC6A8	ONECUT1	AP2S1	CLCN2	TCHH	MAPK8IP2	RPN1	PARP2	STARD3	CCNE1	DGAT1	TST	NR4A1	CCND3	CDK2	PRKACA	RFC4	CDKN2B	GRPEL1	CCK	BSG	MGAT1	GRINA	ATF3	NAT1	NXF1	SIGMAR1	SEPW1	NPTX2	SOD2	WIZ	IL6ST	PPIF	SLC6A12	HTR7	CNP	PPT1	ATP6V1F	SLC25A4	BCL2L11	ASNS	CTSL2	MAOA	C4BPB	POLR2H	RHOB	FURIN	CA2	SPR	AMD1	CLTB	BTG1	ICAM1	ARRB2	CDC5L	ATP6V1C1	EIF5	TARS	IGFBP2	MSX1	POLE3	TYRO3	STK25	COL2A1	STIP1	TFRC	FMO1	GLS	SQSTM1	EPHX1	CYB5B	BMP2	DDX21	TMBIM6	PTPRD	NPTXR	PPP1R2	BTG2	OLFM1	EPCAM	CDO1	DLG4	GPX3	AQP3	EIF2S3	HSPA13	CDC34	NTRK3	RRAD	NKX2-5	ABCB1	TGFBRAP1	ACAA1	LHX2	IRF1	RET	GGH	PLCL1	RXRB	FKBP4	KLHDC3	GAL	PSMC3	ALDOA	RAB27A	FGF18	DNAJA1	NUPL1	FEN1	HSPA2	MRPL23	BID	APOM	BTG3	PDLIM3	ALAS1	CREG1	PDAP1	HNRNPU	NFKBIA	DNAJB1	H2AFX	CYP1A1	E2F5	JUNB	CEBPG	CDKN1C	CASP3	LYN	ENO2	YKT6	PRPF3	MMP14	CXCL2	HLA-F	FOS	KCNH2	SULT1A1	HYAL2	PPAT	UROD	RASGRP1	POLG2	GCH1	MARK2	TACR3	PRKCD
HALLMARK_UV_RESPONSE_DN	MAPK14	GCNT1	ARHGEF9	COL11A1	RUNX1	SCHIP1	AGGF1	INSIG1	SDC2	CYR61	SMAD7	SYNJ2	ANXA4	BDNF	MIOS	PPARG	MMP16	FBLN5	ZMIZ1	NEK7	DLC1	KCNMA1	BCKDHB	SLC7A1	PRKAR2B	NRP1	HAS2	ATP2B1	MGMT	LAMC1	DYRK1A	RBPMS	MAP1B	ANXA2	PAPD7	FYN	F3	IGFBP5	PTGFR	FZD2	IRS1	RASA2	DBP	GRK5	COL5A2	TFPI	COL3A1	PDGFRB	MET	DDAH1	MT1E	WDR37	AMPH	EFEMP1	KALRN	ATRX	SPOP	ATP5S	NFKB1	MGLL	NR1D2	LPHN2	CACNA1A	DUSP1	TGFBR3	PIK3CD	PTPRM	NIPBL	YTHDC1	MAP2K5	PDLIM5	PLCB4	ICA1	RND3	FHL2	CDON	ATXN1	ATP2C1	AKT3	TJP1	MTA1	SLC22A18	CAV1	MAGI2	GJA1	INPP4B	FAM179B	PEX14	PHF3	PRDM2	PTEN	COL1A2	CDC42BPA	KIT	ERBB2	SFMBT1	LPAR1	MRPS31	RGS4	ID1	SIPA1L1	ATRN	PTPN21	SERPINE1	BHLHE40	CAP2	VLDLR	MYC	NR3C1	DAB2	SCN8A	BMPR1A	ADD3	CELF2	RXRA	TGFBR2	VAV2	ABCC1	NFIB	CDK13	ACVR2A	SCAF8	PIAS3	CITED2	ATP2B4	SMAD3	ADORA2B	LTBP1	APBB2	DLG1	SYNE1	PRKCA	NOTCH2	IGF1R	LDLR	CDKN1B	PIK3R3	PRKCE	SRI	ITGB3	COL1A1	SNAI2	PMP22	PPAP2B
HALLMARK_ANGIOGENESIS	LRPAP1	CCND2	VTN	VAV2	FGFR1	APOH	SLCO2A1	S100A4	JAG1	COL5A2	JAG2	LPL	COL3A1	APP	LUM	STC1	SERPINA5	PF4	FSTL1	OLR1	SPP1	PDGFA	KCNJ8	PRG2	NRP1	PGLYRP1	VEGFA	TNFRSF21	TIMP1	CXCL6	POSTN	PTK2	ITGAV	MSX1	THBD	VCAN
HALLMARK_HEME_METABOLISM	LAMP2	ICAM4	SELENBP1	ELL2	CTSB	CAT	SLC6A9	ATG4A	HBD	HTRA2	FAM46C	XK	SLC6A8	HTATIP2	MGST3	TCEA1	TYR	GYPE	NEK7	SPTA1	LPIN2	ENDOD1	SLC30A1	AHSP	FOXJ2	SLC4A1	RHAG	KHNYN	SLC11A2	HIST1H4C	ANK1	NARF	AGPAT4	MFHAS1	FBXO34	HMBS	ARL2BP	PGLS	ATP6V0A1	EPB41	CLIC2	TSPAN5	GYPB	SLC10A3	TMCC2	RNF19A	CCND3	PPOX	DCUN1D1	MPP1	SLC25A37	SNCA	UROS	ABCB6	PIGQ	MINPP1	BSG	RBM5	GCLM	SPTB	NFE2L1	OPTN	OSBP2	RHCE	MKRN1	NNT	VEZF1	BTRC	LMO2	XPO7	USP15	ADD1	ACP5	GYPA	HEBP1	RIOK3	ALAD	MBOAT2	SLC30A10	GCLC	CA1	DCAF11	GYPC	ASNS	TMEM9B	MXI1	PICALM	TSPO2	RCL1	RBM38	ABCG2	SMOX	FTCD	NFE2	CA2	CDC27	SEC14L1	CIR1	TNS1	SDCBP	UCP2	JHDM1D	UBAC1	EZH1	FN3K	MARK3	ERMAP	EIF2AK1	HBQ1	KEL	RANBP10	TRIM10	IGSF3	TFRC	CPOX	ISCA1	BLVRA	ALAS2	MOSPD1	KLF3	TOP1	SLC25A38	GAPVD1	BACH1	KLF1	TFDP2	SLC2A1	GATA1	TRIM58	CDR2	MAP2K3	HBZ	NCOA4	MARCH8	BTG2	RAD23A	H1F0	PC	DAAM1	RNF123	MARCH2	AQP3	DCAF10	YPEL5	P4HA2	BNIP3L	CLCN3	EPOR	HBBP1	CTSE	CROCCP2	PRDX2	HAGH	E2F2	BMP2K	BCAM	BPGM	FECH	ALDH1L1	TRAK2	GLRX5	DARC	NR3C1	TAL1	LRP10	CAST	MYL4	KAT2B	SLC22A4	HDGF	ADD2	NUDT4	CCDC28A	FBXO9	MOCOS	TNRC6B	SIDT2	GDE1	ACSL6	HBB	PSMD9	SLC7A11	ADIPOR1	FBXO7	EPB42	PQLC1	EPB49	ARHGEF12	C3	RHD	PPP2R5B	SYNJ1	PDZK1IP1	RAP1GAP	GMPS	ALDH6A1	FOXO3	BLVRB	UROD	CTNS
HALLMARK_COAGULATION	PLAU	LAMP2	PGCP	MMP8	CTSB	SPARC	SERPINC1	MAFF	ADAM9	PROC	ARF4	SERPING1	THBS1	LRP1	APOC3	FBN1	HNF4A	CASP9	SIRT2	APOA1	CFB	PF4	MMP15	OLR1	PROS1	FGG	LGMN	GNB2	MMP2	SERPINB2	VWF	MSRB2	MMP9	WDR1	BMP1	GNG12	CLU	MMP1	THBD	MMP7	C8B	FYN	F3	DUSP14	DCT	DPP4	C8A	APOC1	SH2B2	CTSO	KLKB1	TMPRSS6	CTSL2	FGA	C1QA	FURIN	TF	F9	C2	HPN	PECAM1	RGN	ANG	C9	F2	SERPINA1	MBL2	ACOX2	CD9	MMP11	PLEK	COMP	F11	F12	KLF7	S100A13	LEFTY2	MMP10	MMP3	PLG	CAPN5	RABIF	MEP1A	CRIP2	C1S	HMGCS2	TIMP3	CTSE	CPB2	KLK8	ITIH1	PLAT	F13B	USP11	SERPINE1	TIMP1	PDGFB	APOC2	C1R	FN1	CFD	PEF1	S100A1	CFH	ANXA1	RAPGEF3	CTSK	TFPI2	GSN	C8G	PRSS23	P2RY1	F2RL2	HRG	CTSH	PROZ	GDA	CPN1	DUSP6	MST1	C3	CFI	ITGB3	ISCU	F10	GP1BA	RAC1	A2M	MMP14	ITGA2	HTRA1	LTA4H	GP9	CAPN2	CSRP1	F8	PREP	MASP2
HALLMARK_IL2_STAT5_SIGNALING	CAPN3	RRAGD	HUWE1	MXD1	SERPINC1	NT5E	MAFF	CD83	CD44	TNFSF10	CST7	CAPG	LTB	TRAF1	SERPINB6	CD48	CYFIP1	ANXA4	PLEC	CTLA4	RORA	PLAGL1	FLT3LG	BATF	TNFRSF9	CCDC164	LIF	IRF8	CISH	SH3BGRL2	ETV4	SMPDL3A	DENND5A	PLSCR1	MYO1C	CDC42SE2	HIPK2	GADD45B	CCNE1	NRP1	COCH	CCND3	CD86	FAH	AHCY	NDRG1	PRNP	GPR83	IL10	SLC39A8	IRF6	NFKBIZ	PNP	CTSZ	P2RX4	APLP1	TLR7	BATF3	NCOA3	PRAF2	EOMES	FGL2	P4HA1	CDCP1	KLF6	N6AMT2	SYT11	TNFRSF18	SWAP70	EMP1	PTH1R	MYO1E	IL13	SNX9	ARL4A	IL1RL1	PUS1	GABARAPL1	CXCL10	METTL20	PTGER2	SNX14	GPR65	RHOB	FURIN	GUCY1B3	FAM126B	CA2	NCS1	IGF2R	ALCAM	SOCS1	ADAM19	ENO3	GSTO1	TTC39B	TNFSF11	BCL2	CSF1	CCND2	WLS	CD79B	AKAP2	PENK	ECM1	BMP2	HK2	SOCS2	GATA1	IL3RA	HOPX	SLC2A3	LCLAT1	RHOH	CDC6	PTRH2	PTCH1	SYNGR2	SPRED2	SELP	SLC29A2	LRIG1	IL10RA	PPAP2A	IL2RB	CCR4	IKZF4	CKAP4	RGS16	DCPS	UMPS	ABCB1	RNH1	SELL	PDCD2L	ITGAE	AHR	IKZF2	TNFRSF8	PHLDA1	TNFRSF21	ITGA6	TWSG1	IL4R	ST3GAL4	CD81	GALM	AHNAK	ENPP1	BHLHE40	MAP6	BMPR2	MUC1	MAP3K8	MYC	SPRY4	MAPKAPK2	XBP1	S100A1	TNFRSF4	TNFRSF1B	ODC1	IL1R2	PIM1	SLC1A5	IFNGR1	RABGAP1L	IRF4	F2RL2	SPP1	IL18R1	BCL2L1	ICOS	IFITM3	DHRS3	POU2F1	ITIH5	COL6A1	IGF1R	GPX4	CDKN1C	TIAM1	GLIPR2	IL2RA	CASP3	SCN9A	PRKCH	AGER	SHE	CSF2	LRRC8C	NOP2	AMACR	TGM2	GBP4	PLIN2	ITGAV	UCK2	NFIL3	PHTF2
HALLMARK_BILE_ACID_METABOLISM	DHCR24	GSTK1	SLC23A1	PXMP2	DIO2	BBOX1	CAT	PEX11A	CYP46A1	CYP7A1	ACSL5	SOD1	APOA1	HSD17B11	ALDH9A1	NR1I2	RETSAT	AGXT	TTR	ABCA6	ALDH8A1	ACSL1	AQP9	PEX6	BCAR3	GCLM	PAOX	OPTN	ABCD3	PEX7	HAO1	DIO1	CYP8B1	AR	NR1H4	PFKM	CROT	ABCD1	EFHC1	LONP2	SLC27A2	SLC27A5	GNMT	CYP27A1	IDH2	NPC1	HSD17B6	LIPE	NR3C2	SOAT2	ABCA9	ABCG4	IDI1	GC	SCP2	RBP1	GNPAT	LCK	FADS1	AKR1D1	KLF1	ISOC1	ATXN1	ABCA2	SLC22A18	PNPLA8	FADS2	HSD3B7	PECR	CYP39A1	FDXR	ABCG8	PEX19	PRDX5	PEX13	NR0B2	NUDT12	SLC23A2	EPHX2	CH25H	ABCA1	PHYH	NEDD4	ABCA8	TFCP2L1	RXRA	PEX1	SERPINA6	HSD17B4	SULT2B1	SLCO1A2	SLC29A1	ABCA4	PIPOX	PEX11G	ABCA3	PEX16	BMP6	IDH1	PEX26	ALDH1A1	PEX12	MLYCD	ABCA5	ABCD2	RXRG	HSD3B1	SULT1B1	AMACR	HACL1	CYP7B1	SLC35B2
HALLMARK_PEROXISOME	CADM1	DHCR24	GSTK1	CAT	PEX11A	CRAT	CNBP	ACSL5	SOD1	SLC25A19	HSD17B11	ABCB4	ALDH9A1	CLN8	BCL10	NR1I2	RETSAT	NUDT19	TTR	ACSL1	RDH11	ABCB9	PEX6	PRDX1	FIS1	ABCD3	SOD2	DIO1	SEMA3C	SLC25A4	MSH2	FABP6	CRABP2	ERCC3	ABCD1	PABPC1	ELOVL5	SLC27A2	LONP2	PEX2	IDH2	HRAS	FDPS	VPS4B	SIAH1	STS	HAO2	ABCC5	CEL	ECI2	TSPO	SMARCC1	IDI1	UGT2B17	ESR2	SCP2	ITGB1BP1	GNPAT	PEX5	IDE	FADS1	PEX11B	HSD11B2	ACOT8	ISOC1	ATXN1	CTPS	ACSL4	EHHADH	CTBP1	CLN6	PEX14	HSD3B7	DLG4	YWHAH	PRDX5	PEX13	ABCB1	SLC25A17	ACAA1	SLC23A2	EPHX2	CDK7	TOP2A	SERPINA6	HSD17B4	SULT2B1	CRABP1	SCGB1A1	CACNA1B	IDH1	HMGCL	ALDH1A1	ABCC8	MLYCD	ALB	DHRS3	ABCD2	RXRG	ECH1	MVP	ACOX1	ERCC1	SLC35B2
HALLMARK_ALLOGRAFT_REJECTION	KRT1	GCNT1	STAB1	TLR1	CCL13	STAT4	IL7	INHBB	IL6	EIF5A	CXCL13	CAPG	CCR5	HLA-DQA1	LTB	CD247	TAP1	LY75	IL15	FYB	GZMB	IL12RB1	PF4	BCL10	CD79A	CCL5	LIF	HLA-E	IRF8	FGR	ELF4	NCK1	IFNGR2	CCR2	CD8B	CD3D	APBB1	CD80	LCP2	MMP9	IL2RG	CCR1	CCND3	CD86	DYRK3	IL12B	TPD52	HIF1A	TAPBP	IL10	SPI1	MRPL3	GBP2	WAS	BRCA1	CD3E	CCL7	IL27RA	CFP	CCL22	HLA-DOA	EGFR	HLA-DRA	CD4	IL13	PRKCG	CD8A	TRAT1	RPL9	SOCS5	IKBKB	DARS	IFNAR2	GPR65	FAS	CD3G	IL11	C2	TRAF2	PRF1	SOCS1	STAT1	PTPN6	ICAM1	HLA-DMA	RPL3L	F2	WARS	MBL2	IL1B	CD7	ITGB2	DEGS1	IRF7	IFNG	CXCL9	HLA-DMB	CSF1	SRGN	ABCE1	CCND2	GLMN	LCK	BCL3	ICOSLG	EIF3J	AARS	EIF3A	AKT1	SIT1	CD1D	CDKN2A	CCL11	MAP4K1	ZAP70	IL9	CCL4	CCL19	NCF4	HCLS1	TLR3	FCGR2B	CD2	NME1	PTPRC	IL18RAP	EIF3D	IL2RB	CCL2	TLR2	ACHE	CXCR3	EIF4G3	JAK2	TAP2	IGSF6	MTIF2	FLNA	INHBA	TIMP1	IL2	ABI1	ST8SIA4	IL4R	PSMB10	KLRD1	RPL39	F2R	GZMA	HLA-G	EREG	IL18	IL4	HDAC9	B2M	ELANE	TGFB2	IL16	ACVR2A	BCAT1	THY1	UBE2D1	IFNGR1	IRF4	TGFB1	UBE2N	NOS2	CTSS	RIPK2	CD47	ITGAL	LY86	MAP3K7	CD74	HLA-A	TNF	RPS19	IL2RA	RPS9	CRTAM	NLRP3	ITK	LYN	PRKCB	CD40	NPM1	FASLG	CSK	CD40LG	CD28	IL12A	GALNT1	TLR6	RARS	CARTPT	CD96	ETS1	HLA-DOB	NCR1	RPS3A
HALLMARK_SPERMATOGENESIS	CLGN	ADAD1	ZPBP	SLC2A5	TSN	TSSK2	YBX2	STAM2	SCG5	POMC	GFI1	ALOX15	CNIH2	SLC12A2	MAST2	JAM3	THEG	NOS1	NAA11	NEK2	ADAM2	CDKN3	NPY5R	ZC3H14	PARP2	ADCYAP1	TALDO1	TLE4	PSMG1	RFC4	ZNRF4	ACRBP	HOXB1	CSNK2A2	TUBA3C	TNNI3	ODF1	ELOVL3	TCP11	CLVS1	DCC	CRISP2	TNP1	GSG1	ARL4A	RAD17	OAZ3	PEBP1	BUB1	CHRM4	PDHA2	PIAS2	TOPBP1	NCAPH	IL12RB2	PGK2	GAPDHS	MTNR1A	IP6K1	GRM8	CLPB	CCT6B	DPEP3	MLLT10	STRBP	MTOR	ART3	PRKAR2A	AURKA	CCNB2	IL13RA2	ACRV1	CAMK4	AGFG1	MEP1B	COIL	IDE	HTR5A	PRM2	DDX25	MLF1	DBF4	NEFH	HBZ	KIF2C	SYCP1	BRAF	PHF7	DNAJB8	ACTL7B	LPIN1	NF2	TTK	EZH2	TKTL1	DMRT1	SEPT4	DMC1	CDK1	GAD1	IFT88	SNAP91	RPL39L	PCSK4	PAPOLB	SIRT1	HSPA1L	VDAC3	HSPA2	CFTR	SCG3	ACE	CCNA1	TEKT2	HSPA4L	SPATA6	CHFR	MAP7	DDX4	LDHC	PCSK1N	PACRG	AKAP4	PGS1	TNP2	NPHP1	GPR182	TULP2	CST8	SHE	FAM164C	GSTM3	HIST1H1T	GMCL1	PHKG2
HALLMARK_KRAS_SIGNALING_UP	PLAU	FLT4	GFPT2	FGF9	IGF2	DNMBP	LAPTM5	TRAF1	SCG5	KLF4	LY96	CFB	CD37	TMEM176A	ANKH	GUCY1A3	LIF	DCBLD2	IRF8	ETV4	BTC	CFHR2	CBL	GABRA3	KIF5C	CCL20	ZNF277	IL2RG	MMP9	AKAP12	NRP1	SPON1	MMD	RELN	AMMECR1	USP12	ALDH1A3	EPHB2	ITGBL1	GADD45G	BTBD3	PEG3	LCP1	SDCCAG8	FBXO4	EMP1	TMEM176B	TSPAN7	IL7R	PLEK2	TFPI	ST6GAL1	NR1H4	EPB41L3	MAFB	TNNT2	HKDC1	MPZL2	ERO1L	GYPC	CROT	TMEM100	CXCL10	CPE	CBX8	HOXD11	IL33	CA2	ADAM17	STRN	SATB1	CLEC4A	RBM4	PECAM1	TOR1AIP2	TPH1	TSPAN1	PRKG2	PDCD1LG2	SPARCL1	CMKLR1	IL1B	ITGB2	MMP11	IL1RL2	ETV5	ADAM8	CSF2RA	LAT2	CDADC1	HSD11B1	TRIB2	FUCA1	CCND2	ALDH1A2	TLR8	MTMR10	NGF	BIRC3	F13A1	SEMA3B	PPBP	BMP2	IKZF1	MAP4K1	CXCR4	PTBP2	NAP1L2	PPP1R15A	ELTD1	MMP10	CIDEA	IL10RA	PCP4	ANGPTL4	PLAUR	TRIB1	ID2	PSMB8	GLRX	RGS16	NR0B2	ABCB1	SLPI	G0S2	VWA5A	SNAP25	SOX9	PLAT	INHBA	PRDM1	PTGS2	PIGR	GPR124	BPGM	YRDC	GPRC5B	SNAP91	MALL	RBP4	ADAMDEC1	DOCK2	EREG	GALNT3	APOD	F2RL1	SCN1B	ATG10	ANXA10	CFH	SPRY2	HDAC9	TNFRSF1B	MAP3K1	USH1C	HBEGF	ENG	GNG11	HIST1H2BB	KCNN4	ETV1	RABGAP1L	SCG3	IGFBP3	ACE	GPNMB	FAM190B	C3AR1	SPP1	CTSS	PRRX1	SERPINA3	MYCN	AVL9	CBR4	FCER1G	RETN	MAP7	ARG1	PCSK1N	DUSP6	PTPRR	EVI5	PTCD2	ANO1	TMEM158	SLMO2	CAB39L	TNFAIP3	JUP	CSF2	ITGA2	NIN	WDR33	TSPAN13	WNT7A	AKT2	ETS1	ZNF639	PLVAP
HALLMARK_KRAS_SIGNALING_DN	HNF1A	KRT1	ACTC1	CPB1	SHOX2	KLHDC8A	MYO15A	PAX4	ITGB1BP2	YBX2	SNCB	FAM46C	RSAD2	SLC6A14	SKIL	SGK1	WNT16	CCDC132	NGB	NOS1	SIDT1	KCNE2	MX1	CDH16	GTF3C5	GPR19	MAST3	SERPINB2	DLK2	PDE6B	MSH5	ALOX12B	LGALS7	CD80	SSTR4	NR4A2	UPK3B	SEPP1	ATP4A	CAMK1D	SERPINA10	IL12B	SPHK2	FGFR3	TCF7L1	DTNB	GP2	EFHD1	ABCB11	CKM	TLX1	THRB	EGF	TNNI3	CALML5	MYH7	BARD1	ZFP112	RGS11	GPRC5C	STAG3	PTGFR	BMPR1B	NUDT11	DCC	EDN1	FGGY	CLDN8	CPA2	TGM1	LFNG	EPHA5	CLPS	CNTFR	CAPN9	FGF22	SLC16A7	KRT15	IFI44L	SLC30A3	PPYR1	ARHGDIG	TCL1A	CYP11B2	PTPRJ	ASB7	THNSL2	KCNMB1	BRDT	OXT	PRODH	LYPD3	SOX10	TEX15	P2RY4	PNMT	TG	IGFBP2	ADRA2C	SLC6A3	SLC38A3	C5	KRT4	IFNG	IL5	CACNA1F	AKR1B10	COL2A1	ABCG4	TAS2R4	H2AFY2	UGT2B17	CLDN16	SLC29A3	INSL5	CACNG1	HSD11B2	PKP1	ITIH3	SYNPO	VPREB1	ADCK3	SCN10A	SMPX	YPEL1	CD207	CCDC106	HTR1D	TFAP2B	ATP6V1B1	SLC5A5	BTG2	CHRNG	FSHB	IRS4	CYP39A1	CPEB3	NPHS1	PAX3	FGF16	KLK7	IDUA	KRT13	MEFV	KCND1	HTR1B	NR6A1	CDKAL1	NRIP2	KLK8	SPRR3	GDNF	GAMT	PCDHB1	CLSTN3	KRT5	PARK2	SLC25A23	SNN	TFCP2L1	MTHFR	RYR1	EDAR	MAGIX	TGFB2	ENTPD7	GRID2	ZBTB16	EDN2	GPR3	CELSR2	AMBN	SCGB1A1	CCR8	SPTBN2	RIBC2	MLL2	MYOT	TSHB	KCNQ2	PDCD1	PROP1	CCNA1	RYR2	CALCB	SLC12A3	NTF3	COPZ2	MFSD6	GP1BA	TFF2	PLAG1	FAM164C	KCNN1	P2RX6	CD40LG	PDK2	ARPP21	ODZ2	CHST2
HALLMARK_PANCREAS_BETA_CELLS	G6PC2	STXBP1	HNF1A	PCSK2	SCGN	SLC2A2	ELP4	NEUROD1	PAX4	INSM1	LMO2	PKLR	IAPP	ISL1	PDX1	SST	AKT3	GCK	MAFB	VDR	DPP4	INS	CHGA	FOXA2	SPCS1	ABCC8	DCX	SEC11A	NKX2-2	SRP9	NKX6-1	GCG	SYT13	PAK3	SRP14	PCSK1	FOXO1	SRPRB	NEUROG3	PAX6
